show_id,titulo,tipo,plataforma,director,elenco,pais,fecha_agregado,anio_lanzamiento,clasificacion,duracion,genero,descripcion,puntaje
prime_s2134,Ice Princess Lily,Movie,Prime Video,Sven Unterwaldt,"Mackenzie Ziegler, Kristin Fairlie, Benedict Campbell, Kevin Dennis, Dan Petronijevic",,,2019,PG,89.0,Animation,"Lily, a fearless Ice Princess teams up with a young dragon named Tabaluga. Together they must stop an evil snowman and an army of polar bears from freezing over the entire world. Lily must inspire Tabaluga to unlock his potential and discover the fire that has always been within him",
prime_s6441,Under The Smoky Roof,Movie,Prime Video,Pouran Derakhshandeh,"Farhad Aslani, Merila Zare'i, Behnoosh Tabatabaei, Sahar Khazaeli, Laleh Marzban, Azita Hajian, Hesam Navab Safavi, Shahram Haghighat Doost, Nafiseh Roshan",,,2017,13+,111.0,Drama,"One day you look and see it seems nobody sees you, even your spouse! Look well, maybe ... The first one who didn't see you were you, yourself, under this smoky roof",
disney_tm989783,Chip 'n Dale: Rescue Rangers,Movie,Disney+,Akiva Schaffer,"Andy Samberg, John Mulaney, KiKi Layne, Will Arnett",US,2022-01-01,2022,PG,97.0,animation,"Decades since their successful television series was canceled, Chip has succumbed to a life of suburban domesticity as an insurance salesman. Dale, meanwhile, has had CGI surgery and works the nostalgia convention circuit, desperate to relive his glory days. When a former cast mate mysteriously disappears, Chip and Dale must repair their broken friendship and take on their Rescue Rangers detective personas once again to save their friend’s life.",7.0
prime_s568,The Legend Of Ben Hall,Movie,Prime Video,Matthew Holmes,,,,2017,,140.0,Action,"After two years on the run, bushranger Ben Hall considers surrendering to the law when his old friend John Gilbert entices him back into the game. Taking on fresh recruit John Dunn, the gang rides again, and before long they become the most wanted men in the country. When they are declared outlaws, the three decide to flee forever.",
disney_tm924794,India's Wild Leopards,Movie,Disney+,,"Sandesh Kadur, Mike New, Priya Singh",IN,2020-01-01,2020,,44.0,documentation,"India may be the land of the Tiger, but it is also home to masters of stealth that prowl the deepest of jungles and the highest of mountains. Journey to Ladakh in the Himalaya in search of Snow Leopards - the ghost of the mountains. Then venture into the realm of the smallest of big cats - the Clouded Leopard in the jungles of north east India. Wildlife Cameraman and National Geographic Fellow, Sandesh Kadur is on a mission to uncover their secretive lives.",
prime_s1403,OUT On Stage (The Series),TV Show,Prime Video,,"Zach Noe Towers, Brendan Scannell, Jared Goldstein, Raneir Pollard, Kyle Shire, Jonathan Rowell, Gloria Bigelow, Anthony Desamito, A.B. Cassidy, Jordan Pease, Chris Bryant, Joe Dosch, Casey Ley, Julian Michael, Irene Tu, Janine Brito, Eric Hahn, Daniel Webb",,,2018,18+,1.0,TV Shows,"OUT On Stage is THE absolutely hilarious and one of a kind, originally produced comedy hosted by Zach Noe Towers! See OUT Magazine's '1 of the 10 comedians to watch in 2018,' the comedian that Sarah Silverman calls, 'So, SO, SO Funny' and 17 other top rated Gay and Lesbian stand-up comedians discuss taboo subjects as only they can!",
netflix_s1996,The Devil All The Time,Movie,Netflix,Antonio Campos,"Tom Holland, Bill Skarsgård, Riley Keough, Robert Pattinson, Mia Wasikowska, Jason Clarke, Sebastian Stan, Haley Bennett, Harry Melling, Eliza Scanlen",United States,2020-09-16,2020,R,139.0,Dramas,Sinister characters converge around a young man devoted to protecting those he loves in a postwar backwoods town teeming with corruption and brutality.,
prime_s4693,Manchester by the Sea,Movie,Prime Video,Kenneth Lonergan,"Casey Affleck, Michelle Williams, Kyle Chandler, Lucas Hedges, Gretchen Mol, Matthew Broderick",United States,,2016,R,137.0,Drama,Casey Affleck leads an all-star cast in this acclaimed and poignant film about a solitary janitor whose life is transformed after he becomes the guardian of his 16-year-old nephew.,
prime_s2190,Hope Lost,Movie,Prime Video,David Petrucci,"Michael Madsen, Danny Trejo, Francesca Agostini",,,2016,,95.0,Drama,"A young girl, bored with her small-town, dreams of a more glamorous life. At a club, she meets Gabriel, who claims to be a TV producer and wants to cast her in a reality TV show in Italy. When she arrives, she realizes this is a ruse when she is sold to a pimp. Things take an even darker turn with the arrival of Ettore, a sadist who intends to torture her and another young woman in a snuff movie.",
netflix_s5585,Nila,Movie,Netflix,Selvamani Selvaraj,"Sruthi Hariharan, Vicky R",India,2017-03-01,2016,TV-MA,94.0,Dramas,"When a cabbie chances upon his childhood sweetheart, he tries to rekindle old feelings but finds that mature love is a more complicated matter.",
disney_tm137537,The Pied Piper,Movie,Disney+,Wilfred Jackson,"George Gramlich, Allan Watson, Marion Darlington, Harriette Haddon",US,1933-01-01,1933,,8.0,animation,"The people of Hamelin, overrun with rats, offer a bag of gold to anyone who can get rid of the rats. A piper offers to do the job, and successfully lures the rats into a mirage of cheese, which disappears. The citizens, disappointed that all he did was play a tune, offer only pocket change. The piper, angered, plays a new tune that has all the children of the city follow him, even the new twins the stork is preparing to deliver.",
netflix_s4255,Hashoter Hatov,TV Show,Netflix,,"Moshe Ivgy, Guy Loel, Yuval Semo, Yigal Adika, Avi Shnaidman, Vered Feldman, Liora Rivlin",Israel,2018-12-28,2015,TV-MA,1.0,Crime TV Shows,An honest – though overzealous – police officer strives to do good work while dealing with his bickering parents and incompetent coworkers.,
prime_s3946,VocabuLarry Episode 1,Movie,Prime Video,BabyFirst,,,,2012,ALL,31.0,Kids,"VocabuLarry learns new words in this block such as umbrella, guitar, telephone and more.",
disney_tm190553,Pooh's Grand Adventure: The Search for Christopher Robin,Movie,Disney+,Karl Geurs,"Jim Cummings, John Fiedler, Ken Sansom, Paul Winchell",US,1997-01-01,1997,G,76.0,animation,"Pooh gets confused when Christopher Robin leaves him a note to say that he has gone back to school after the holidays. So Pooh, Piglet, Tigger, Eeyore and Rabbit go in search of Christopher Robin which leads to a big adventure.",
netflix_s6825,Game Winning Hit,TV Show,Netflix,,"Lego Lee, Alice Ko, Afalean Lu, Tsai Chen-nan, Wang Chuan, Leiya Gao, Charlize Lin",Taiwan,2016-09-01,2009,TV-MA,1.0,International TV Shows,An army deserter hiding out in a small coastal town becomes the coach of a youth baseball team and develops warm relationships in his new community.,
netflix_s5956,Splatter,Movie,Netflix,Joe Dante,"Corey Feldman, Tony Todd, Tara Leigh, Erin Way, Mark Alan, Stuart Pankin",United States,2009-11-18,2009,TV-MA,29.0,Horror Movies,"After committing suicide, a washed-up rocker returns from the grave to torment the five people who betrayed him in life.",
netflix_s8355,The Hurricane Heist,Movie,Netflix,Rob Cohen,"Toby Kebbell, Maggie Grace, Ryan Kwanten, Ralph Ineson, Melissa Bolona, Ben Cross, Jamie Andrew Cutler",United Kingdom,2018-09-26,2018,PG-13,103.0,Action & Adventure,A deadly hurricane with mile-high waves provides the perfect cover for stealing $600 million from a U.S. Treasury outpost in Mississippi.,
netflix_s4862,Lupin the 3rd: The Castle of Cagliostro: Special Edition,Movie,Netflix,Hayao Miyazaki,"Yasuo Yamada, Kiyoshi Kobayashi, Eiko Masuyama, Makio Inoue, Goro Naya, Sumi Shimamoto, Taro Ishida, Kohei Miyauchi, Ichiro Nagai",Japan,2018-05-15,1979,PG-13,100.0,Action & Adventure,"Lupin, his sidekick, Jigen, and the samurai warrior Goemon set out to take over an evil counterfeit operation at Count Cagliostro's fortress.",
prime_s8272,Rise of the Chupacabras,Movie,Prime Video,Jonathan Mumm,"Jim Lane, Kevin Hale, Dan Leis, Rachel Sense, Loren Taylor",,,2003,18+,88.0,Horror,"During an investigation into the disappearance of a college co-ed, a detective is led to a nearby abandoned mine, where a Chupacabra monster lies in wait to kill all who cross its path.",
prime_s5439,No Strings,Movie,Prime Video,Rebecca Ugo,"Racheal Ihim, Daniel Lopez, Cristina Pop",,,2021,16+,81.0,Drama,"A young girl is saved from child trafficking but looses her mother in the process. She carries resentment and hate for the world, so she takes her anger into relationships. To avenge her mom's death, she goes on dates with guys specifically to break their hearts. This continues until she meets Caleb; an intern counselor who knows her because he has counseled the guys Jenny has meddled with.",
prime_s347,Thunder Alley (1967),Movie,Prime Video,Richard Rush,"Fabian, Annette Funicello",,,1967,7+,89.0,Action,"A race driver who is suspended after he kills another driver (due to a blackout) joins a demolition derby, regains his confidence and gets a sponsor in time for the race.",
prime_s2615,Downton Abbey,TV Show,Prime Video,,"Huge Bonneville, Michelle Dockery, Maggie Smith, Jim Carter, Robert James-Collier, Dan Stevens, Elizabeth McGovern",,,2016,TV-14,6.0,Drama,Discover the fates of the people of Downton as they face new challenges and begin forging different paths in a world experiencing dramatic change.,
prime_s8897,Rise of the Footsoldier: The Heist,Movie,Prime Video,Andrew Loveday,"Craig Fairbrass, Terry Stone, Roland Manookian",,,2020,18+,85.0,Action,"Fresh out of prison, Pat Tate can't stop brooding about the man who had him put away. Soon he's off to find Frank Harris and seek his revenge.",
prime_s8882,Cross Minds,TV Show,Prime Video,,"Abhimanyu Mahaveer, Rithikaa, Pruthvi",,,2021,13+,1.0,Action,"A tale of an ethical risk taker who wants to surprise his life partner, but a series of mysterious events drives him through an unethical venture.",
netflix_s7584,Night Comes On,Movie,Netflix,Jordana Spiro,"Dominique Fishback, Tatum Marilyn Hall, Nastashia Fuller, Angel Bismark Curiel, John Earl Jelks, Max Casella, James McDaniel, Cymbal Byrd",United States,2020-08-27,2018,TV-MA,87.0,Dramas,A teen fresh out of juvenile detention tries to rescue her sister from foster care in order to exact revenge on their father for their mother's murder.,
disney_tm26534,Roving Mars,Movie,Disney+,George Butler,"Paul Newman, Steve Squyres, Rob Manning, Charles Elachi",US,2006-01-01,2006,PG,39.0,documentation,Join the Mars rovers Spirit and Opportunity for an awe-inspiring journey to the surface of the mysterious red planet.,
netflix_s759,Feel Good,TV Show,Netflix,Ally Pankiw,"Mae Martin, Charlotte Ritchie, Lisa Kudrow, Sophie Thompson, Tom Andrews, Tobi Bamtefa, Phil Burgers, Ophelia Lovibond, Adrian Lukis, Ritu Arya, Ramon Tikaram",United Kingdom,2021-06-04,2021,TV-MA,2.0,Romantic TV Shows,"Stand-up comic Mae Martin navigates a passionate, messy new relationship with her girlfriend, George, while dealing with the challenges of sobriety.",
prime_s1489,Nicole Blaine: Life's A Bit,Movie,Prime Video,Mickey Blaine,"Nicole Blaine, Mickey Blaine, Tegan Blaine, Finnley Blaine",,,2020,18+,45.0,Arts,"Nicole Blaine, a thirty-something mother of two, follows her dream of being a stand-up comedian - by turning her daily motherhood fails into comedy bits on the stage. In this original stand-up comedy special, Nicole Blaine bribes her own real-life-children and husband to play the parts that they inspired for her jokes. They all suck so she has great material. After all, Life's a Bit*%",
prime_s7894,Family Reunion,Movie,Prime Video,Red Grant,"Red Grant, Reynaldo Rey, Bebe Drake",,,2003,PG-13,88.0,Comedy,"An innocent family reunion descends into chaos when simmering resentments rise to the surface. The families gather to grill, toss horseshoes, and catch up - but this year things seems to get particularly ugly. Despite doing their best to keep the peace, nothing seems to be able to slow the downward spiral of the usually jovial gathering.",
prime_s569,The Last Witness,Movie,Prime Video,Piotr Szkopiak,"Alex Pettyfer, Robert Wieckiewicz, Talulah Riley",,,2018,16+,93.0,Drama,"An ambitious young journalist uncovers the horrific slaughter of 22,000 Polish officers during the Second World War. A secret that has been kept hidden for far too many years.",
netflix_s222,"Bob Ross: Happy Accidents, Betrayal & Greed",Movie,Netflix,Joshua Rofé,Bob Ross,,2021-08-25,2021,TV-14,93.0,Documentaries,Bob Ross brought joy to millions as the world’s most famous art instructor. But a battle for his business empire cast a shadow over his happy trees.,
hbomax_tm79814,Bee Movie,Movie,HBO Max,"Simon J. Smith, Steve Hickner","Jerry Seinfeld, Renée Zellweger, Jim Cummings, Matthew Broderick",US,2007-01-01,2007,PG,91.0,comedy,"Barry B. Benson, a bee who has just graduated from college, is disillusioned at his lone career choice: making honey. On a special trip outside the hive, Barry's life is saved by Vanessa, a florist in New York City. As their relationship blossoms, he discovers humans actually eat honey, and subsequently decides to sue us.",6.1
prime_s3625,La Cucaracha,Movie,Prime Video,Jack Perez,"Eric Roberts, Joaquim de Almeida, Victor Rivers",,,1999,R,95.0,Comedy,A desperate writer fights for survival when the Mexican mob involves him in murder.,
netflix_s2115,Little Singham: Kaal Ka Badla,Movie,Netflix,Prakash Satam,"Anamaya Verma, Arushi Talwar, Ganesh Divekar, Jigna Bhardwaj, Krishna Dasadiya, Neshma Chemburkar, Manoj Pandey, Parminder Ghumman, Pranav Vaidya, Saumya Daan, Sonal Kaushal, Sumriddhi Shukla",,2020-08-19,2020,TV-Y7,70.0,Children & Family Movies,"Little Singham’s biggest enemy, the demon Kaal, is back and badder than ever — but this time, will he succeed in destroying the world’s best kid cop?",
disney_tm12118,Logan,Movie,Disney+,James Mangold,"Hugh Jackman, Dafne Keen, Patrick Stewart, Elizabeth Rodriguez",US,2017-01-01,2017,R,137.0,drama,"In the near future, a weary Logan cares for an ailing Professor X in a hideout on the Mexican border. But Logan's attempts to hide from the world and his legacy are upended when a young mutant arrives, pursued by dark forces.",8.1
disney_tm22497,Dinosaur,Movie,Disney+,"Ralph Zondag, Eric Leighton","D.B. Sweeney, Alfre Woodard, Ossie Davis, Max Casella",US,2000-01-01,2000,PG,82.0,family,An orphaned dinosaur raised by lemurs joins an arduous trek to a sancturary after a meteorite shower destroys his family home.,6.4
prime_s5966,Cinephile: A Rising Voices Film,Movie,Prime Video,Dre Ryan,"Dina Shihabi, Stephanie Allynne",,,2021,18+,16.0,Drama,"Determined to portray an authentic depiction of female pleasure for her role in a film, a movie star accepts her therapist's offer for an unconventional treatment and discovers the enigma of desire...",
netflix_s1003,Tell Me When,Movie,Netflix,Gerardo Gatica,"Jesús Zavala, Ximena Romo, Verónica Castro, José Carlos Ruiz, Gabriel Nuncio, Rosa María Bianchi, Héctor Bonilla, Andrés Almeida",Mexico,2021-04-21,2021,TV-MA,97.0,Comedies,Workaholic Will puts his humdrum life in LA on hold to fulfill his grandpa's last wish: visiting Mexico City's most iconic sights and falling in love.,
prime_s7476,UFO Secret Reports,TV Show,Prime Video,,Geovanni Molina,,,2020,7+,1.0,Science Fiction,A look into the secret reports of UFO'S and the individuals across the globe that have had encounters and sitings.Can it be true that we are not alone and our there governments that are hiding the truth.,
prime_s7421,Bhakta Prahlada,Movie,Prime Video,Chitrapu Narayana Rao,"S.V.Rangarao, Anjali",,,1967,13+,156.0,Drama,"The movie is about a devotee Prahalada in Hindu mythology. After his hard efforts, Ranga Rao (Hiranyakashipu) gets blessed by God Brahma. His son (Prahalada) is a staunch devotee of Lord Vishnu and praises him throughout the day. The rest of the movie is about the father's rigorous efforts to prevent his son's devotion.",
hbomax_tm111045,xXx,Movie,HBO Max,Rob Cohen,"Vin Diesel, Asia Argento, Samuel L. Jackson, Leila Arcieri",US,2002-01-01,2002,PG-13,124.0,thriller,"Xander Cage is your standard adrenaline junkie with no fear and a lousy attitude. When the US Government ""recruits"" him to go on a mission, he's not exactly thrilled. His mission: to gather information on an organization that may just be planning the destruction of the world, led by the nihilistic Yorgi.",5.8
netflix_s4487,How to Get Over a Breakup,Movie,Netflix,"Joanna Lombardi, Bruno Ascenzo","Gisela Ponce de León, Karina Jordán, Jely Reátegui, Andrés Salas, Christopher Von Uckermann, Carlos Carlín",Peru,2018-10-20,2018,TV-MA,104.0,Comedies,"A heartbroken ad copywriter living in Lima, Peru, is inspired to write a blog about life as a single woman and is surprised by her website's success.",
netflix_s5495,Kazoops!,TV Show,Netflix,,"Reece Pockney, Scott Langley, Alex Babic, Gemma Harvey, Jessica Hann, Emma Tate",Australia,2017-05-05,2017,TV-Y,3.0,Kids' TV,Music meets imagination in this inventive animated series about thinking outside the box and having fun.,
netflix_s7039,I Am Maris,Movie,Netflix,Laura VanZee Taylor,Maris Degener,United States,2019-04-01,2018,TV-14,54.0,Documentaries,"Through her own words and art, a young woman details the healing power of yoga in her struggle with anorexia and her journey to self-acceptance.",
prime_s1047,Shaadi Mubarak,Movie,Prime Video,Padmasri,"Sagar RK Naidu, Drishya Raghunath",India,,2021,ALL,133.0,Comedy,"Madhav, an introverted software employee who gets compelled to meet 3 brides of alliances arranged by a marriage bureau run by Jayamma. Bhanumati, daughter of Jayamma, a happy, go-lucky girl had to accompany Madhav in meeting his set alliances. In the journey, they find love in each other, yet, they don't express it. The story takes new turns with each alliance they meet.",
prime_s7501,At Middleton,Movie,Prime Video,Adam Rodgers,"Andy Garcia, Peter Riegert, Spencer Lofranco, Taissa Farmiga, Tom Skerritt, Vera Farmiga",,,2014,R,100.0,Comedy,"Oscar-nominees Andy Garcia and Vera Farmiga shine as George and Edith, two parents who fall in love over the course of a single day while playing hooky from their Children college tour.",
netflix_s5548,Killa,Movie,Netflix,Avinash Arun,"Amruta Subhash, Archit Deodhar, Parth Bhalerao, Gaurish Gawade, Atharva Upasni, Swandand Raikar, Shrikant Yadav, Umesh Jagtap, Shivalati Bokil, Jui Kahate",India,2017-04-01,2014,TV-14,107.0,Dramas,Growing up poses challenges for Chinu when he moves from city to country and encounters a youth culture far different from what he's used to.,
prime_s2610,Dragonslayer,Movie,Prime Video,Matthew Robbins,"Peter MacNicol, Caitlin Clarke, Ralph Richardson",,,1981,PG,109.0,Action,A young wizarding apprentice is sent to kill a dragon which has been devouring girls from a nearby kingdom.,
prime_s2128,Ilana Glazer: The Planet Is Burning,TV Show,Prime Video,,Ilana Glazer,,,2020,16+,1.0,Comedy,"Ilana Glazer‘s debut standup special is trés lol, and turns out - she one funny b. Check out Ilana’s thoughts on partnership, being a successful stoner adult, Nazis, Diva Cups, and more. Hold on to your nuts cuz this hour proves how useless the patriarchy is. For Christ’s sake, The Planet Is Burning, and it’s time a short, queer, hairy New York Jew screams it in your face!",
prime_s6954,Last Shift,Movie,Prime Video,Anthony DiBlasi,"Juliana Harkavy, Joshua Mikel, J. LaRose",,,2015,R,88.0,Horror,"Rookie police officer Jessica Loren [Juliana Harkavy - ""The Walking Dead""] is assigned the last shift at a closing police station. Jessica comes to learn that it's home to the ultimate embodiment of evil and his devoted followers.",
netflix_s6750,Figures of Speech,Movie,Netflix,Ari Levinson,Chris Pine,United States,2016-12-21,2016,TV-PG,92.0,Documentaries,"In this documentary, passionate high schoolers travel the country and come of age during a turbulent yearlong prep for a national speech competition.",
hbomax_tm200311,Mojave,Movie,HBO Max,William Monahan,"Garrett Hedlund, Oscar Isaac, Louise Bourgoin, Walton Goggins",US,2015-01-01,2015,R,93.0,thriller,"A suicidal artist goes into the desert, where he finds his doppelgänger, a homicidal drifter.",5.2
prime_s2686,Decoding COVID-19,Movie,Prime Video,"Sarah Holt, Ma Liyan, Caitlin Saks, Zachary Fink",Craig Sechler,,,2020,,53.0,Documentary,How do you stop a contagious killer microbe? Scientists around the globe are racing to uncover the secrets of the coronavirus behind the COVID-19 pandemic – and using revolutionary techniques to develop lifesaving treatments and vaccines.,
netflix_s5992,14 Cameras,Movie,Netflix,"Scott Hussion, Seth Fuller","Neville Archambault, Amber Midthunder, Brytnee Ratledge, Hank Rogerson, Chelsea Edmundson, John-Paul Howard, Lora Martinez-Cunningham, Brianne Moncrief",United States,2018-10-27,2018,TV-MA,89.0,Horror Movies,"Upping the “13 Cameras” ante, this sequel finds a family renting a vacation house that’s been customized to violate their privacy.",
netflix_s7986,Set Up,Movie,Netflix,Mike Gunther,"50 Cent, Ryan Phillippe, Bruce Willis, Rory Markham, Jenna Dewan, Brett Granstaff, Randy Couture, Susie Abromeit, Ron Turner, James Remar",United States,2020-01-10,2011,R,85.0,Action & Adventure,"A diamond heist goes horribly wrong, and the group of friends who sought to make a fortune must instead fight for their very survival.",
netflix_s2400,ONE PIECE,TV Show,Netflix,,"Mayumi Tanaka, Akemi Okamura, Kazuya Nakai, Kappei Yamaguchi, Hiroaki Hirata, Ikue Otani, Yuriko Yamaguchi, Kazuki Yao, Cho",Japan,2020-06-12,2002,TV-14,4.0,Anime Series,Monkey D. Luffy sails with his crew of Straw Hat Pirates through the Grand Line to find the treasure One Piece and become the new king of the pirates.,
netflix_s1023,Taare Zameen Par,Movie,Netflix,Aamir Khan,"Aamir Khan, Darsheel Safary, Tanay Chheda, Tisca Chopra, Vipin Sharma, Girija Oak, M.K. Raina",India,2021-04-17,2007,PG,162.0,Dramas,"When daydreamer Ishaan is sent to boarding school, an unconventional art teacher tries to help the imaginative student discover his true identity.",
netflix_s4861,Aiyaary,Movie,Netflix,Neeraj Pandey,"Sidharth Malhotra, Manoj Bajpayee, Rakul Preet Singh, Pooja Chopra, Adil Hussain, Kumud Mishra, Naseeruddin Shah, Anupam Kher, Vikram Gokhale, Juhi Babbar",India,2018-05-15,2018,TV-MA,158.0,Action & Adventure,"When his protégé goes rogue and poses a grave threat to the government he serves, a veteran officer of the Indian Army tries to stop him at all costs.",
netflix_s8148,Taken,TV Show,Netflix,,"Clive Standen, Jennifer Beals, Gaius Charles, Brooklyn Sudano, Monique Gabriela Curnen, Michael Irby, James Landry Hébert, Jose Pablo Cantillo, James Landry Hebert",France,,2018,TV-14,2.0,Crime TV Shows,"After a personal tragedy upends his life, a highly skilled former Green Beret is drawn into a career as a secret government operative.",
hbomax_tm155112,Dances with Wolves,Movie,HBO Max,Kevin Costner,"Kevin Costner, Mary McDonnell, Graham Greene, Rodney A. Grant",US,1990-01-01,1990,PG-13,181.0,action,"Wounded Civil War soldier, John Dunbar tries to commit suicide—and becomes a hero instead. As a reward, he's assigned to his dream post, a remote junction on the Western frontier, and soon makes unlikely friends with the local Sioux tribe.",8.0
prime_s7986,Thy Neighbor,Movie,Prime Video,George A. Johnson,"Dave Payton, Jessica Koloian, Nathan Clarkson",,,2018,16+,94.0,Drama,"A hotshot young author becomes the pastor of a small town church with big dreams of changing the world, but things change when he grows suspicious that his neighbor may be a threat to his family's safety.",
prime_s1278,Posse,Movie,Prime Video,Kirk Douglas,"Kirk Douglas, Bruce Dern, Bo Hopkins",,,1975,PG,93.0,Action,"A tough marshal with political ambitions leads an elite posse to capture a notorious criminal. He succeeds, but instead of cheering him, the public turns against him.",
prime_s7279,Not That Funny,Movie,Prime Video,Lauralee Farrer,"Tony Hale, Brigid Brannagh, K Callan, Timothy V. Murphy, John Kapelos, Nick Thune, Erin Way",,,2014,PG-13,99.0,Comedy,"A love story about a woman who ""just wants someone who makes her laugh"" and a man who is not that funny. As he tries to learn how to be the man she says she wants, they each find an unexpected chance at happiness.",
netflix_s1619,Octonauts,TV Show,Netflix,,"Keith Wickham, Jo Wyatt, Ross Breen, Simon Greenall, Paul Panting, Rob Rackstraw, Teresa Gallagher, Shelley Longworth",United States,2020-12-01,2015,TV-Y,4.0,British TV Shows,A team of brave underwater explorers known as the Octonauts combs the world's oceans for aquatic creatures in desperate need of assistance.,
netflix_s6865,Gol Maal,Movie,Netflix,Hrishikesh Mukherjee,"Amol Palekar, Bindiya Goswami, Deven Verma, Utpal Dutt, Shubha Khote, Manju Singh, Dina Pathak, Pushpa, David Abraham, Asrani",India,2019-12-31,1979,TV-PG,137.0,Classic Movies,"When circumstances at work compel Ram to pretend to have a twin, his lie works – until the boss wants his daughter to marry Ram’s fictitious brother.",
netflix_s8178,The 4th Company,Movie,Netflix,"Mitzi Vanessa Arreola, Amir Galvan Cervera","Adrian Ladron, Andoni Gracia, Hernán Mendoza, Gabino Rodríguez, Darío T. Pie, Manuel Ojeda",Mexico,2018-04-06,2016,TV-MA,117.0,Action & Adventure,"In a violent prison in 1970s Mexico, a young inmate lands a spot on a football team that doubles as an enforcer squad for a corrupt administration.",
disney_tm154034,Old Dogs,Movie,Disney+,Walt Becker,"John Travolta, Robin Williams, Kelly Preston, Conner Rayburn",US,2009-01-01,2009,PG,88.0,comedy,"Charlie and Dan have been best friends and business partners for thirty years; their Manhattan public relations firm is on the verge of a huge business deal with a Japanese company. With two weeks to sew up the contract, Dan gets a surprise: a woman he married on a drunken impulse nearly nine years before (annulled the next day) shows up to tell him he's the father of her twins, now seven, and she'll be in jail for 14 days for a political protest. Dan volunteers to keep the tykes, although he's up tight and clueless. With Charlie's help is there any way they can be dad and uncle, meet the kids' expectations, and still land the account?",6.4
prime_s2964,Brick Lane,Movie,Prime Video,Sarah Gavron,"Tannishtha Chatterjee, Satish Kaushik, Christopher Simpson, Harvey Virdi",,,2008,PG-13,102.0,Arthouse,"A young Bangladeshi woman, Nazneen, arrives in 1980s London, leaving behind her beloved sister and home, for an arranged marriage and a new life. Trapped within the four walls of her flat in East London, and in a loveless marriage with the middle aged Chanu, Nazneen struggles to accept her new life. Then one day, the hotheaded young Karim comes knocking at her door.",
netflix_s6477,Christian Mingle,Movie,Netflix,Corbin Bernsen,"Lacey Chabert, Jonathan Patrick Moore, Saidah Arrika Ekulona, Stephen Tobolowsky, John O'Hurley, David Keith, Morgan Fairchild, Corbin Bernsen",United States,2019-06-06,2014,PG,99.0,Comedies,A career woman who has everything but romance finds her values challenged when she starts dating a good man she met on a Christian matchmaking site.,
hbomax_tm427020,Wild Rose,Movie,HBO Max,Tom Harper,"Jessie Buckley, Julie Walters, Sophie Okonedo, Jamie Sives",US,2019-01-01,2019,R,101.0,music,"A young Scottish singer, Rose-Lynn Harlan, dreams of making it as a country artist in Nashville after being released from prison.",7.1
prime_s5035,Rudraksharam,Movie,Prime Video,Nageshwara rao Anchula,"Narendra Veeralla, Suman Shetty, Chaitanya, Yamini, Sravani, Chittibabu Jabardasth, Naidu Gopi",,,2021,13+,59.0,Drama,"A Village called Rudravaram, which is on crisis. To develop that village the head of the village called sarpanch and Main priest of Rudraeshwara Temple were try in many ways, But Politicains and Offices don't make this happen. One fine day the priest were explain treasure that belongs to temple to the Sarpanch. This all secretly were heard by the priest son. From there story begins",
netflix_s2522,"I love you, stupid",Movie,Netflix,Laura Mañá,"Quim Gutiérrez, Natalia Tena, Alfonso Bassave, Alba Ribas, Patricia Vico, Ernesto Alterio",Spain,2020-05-15,2019,TV-MA,88.0,Comedies,"After Marcos is dumped by his girlfriend, he attempts to reinvent himself as a modern man with the help of a childhood friend and an online guru.",
prime_s2214,High Voltage,Movie,Prime Video,Howard Higgin,"Carole Lombard, William Boyd, Owen Moore, Phillips Smalley, Billy Bevan, Diane Ellis",,,1929,13+,70.0,Action,"While crossing the sierras, a bus with a small group of passengers gets stuck in a snowstorm, and take refuge in a church. But, the church is already occupied by criminal Bill (Boyd), who has a small stash of food that he is reluctant to share with the group. Tensions run high between girl criminal Billie Davis (Lombard), who is being transported to jail by Detective Dan Egan (Moore), Henderson the banker, Gus the driver, and a girl who is on her way to get married. It turns out Bill is an escaped criminal, and Billie immediately falls for him. They two briefly plan to flee after the storm lets up, but both decide to serve their sentences so that they have a chance for a crime-free future together. One of Carole Lombard's first talking films.",
disney_ts3540,The Avengers: United They Stand,TV Show,Disney+,,"Linda Ballantyne, Tony Daniels, Ron Rubin, Martin Roach",US,1999-01-01,1999,TV-Y7,1.0,animation,"When the planet is threatened by Super Villains, time traveling conquerors, alien invaders, mythical monsters or mad robots bent on the total destruction of humanity, when the forces of evil are so overwhelming that no single hero has the power to save the world, when there is no hope left…the AVENGERS ASSEMBLE!",5.3
disney_ts222579,Pixar in Real Life,TV Show,Disney+,,,US,2019-01-01,2019,TV-G,1.0,reality,"This live action series brings iconic characters and moments from Pixar films into the real world. Filmed on location in and around New York City, the series surprises and delights real people in real locations when they least expect it.",6.5
netflix_s6932,Harriet the Spy: Blog Wars,Movie,Netflix,Ron Oliver,"Jennifer Stone, Kristin Booth, Wesley Morgan, Doug Murray, Shauna MacDonald, Jason Blicker, Jayne Eastwood, Melinda Shankar, Alexander Conti, Vanessa Morgan",United States,2018-04-15,2010,TV-G,87.0,Children & Family Movies,Intrepid writer Harriet Welsch is determined to become the class blogger despite stiff competition from her snooty archrival.,
netflix_s6253,Battle Creek,TV Show,Netflix,,"Josh Duhamel, Dean Winters, Aubrey Dollar, Edward Fordham Jr., Kal Penn, Janet McTeer, Liza Lapira, Damon Herriman, Meredith Eaton",United States,2015-12-31,2015,TV-14,1.0,Crime TV Shows,"A polished FBI agent must team up with a cynical cop when he's dispatched to Battle Creek, Michigan, to set up an office at the local precinct.",
prime_s9370,The Boy Who Killed My Parents,Movie,Prime Video,Mauricio Eça,"Gabi Lopes, Carla Diaz, Leonardo Medeiros, Augusto Madeira, Vera Zimmermann",,,2021,NR,88.0,Drama,The Boy Who Killed My Parents presents de Suzane von Richthofen's point of view of the events that led to the death of her parents. A real crime drama about one of the most shocking murder cases of Brazil.,
prime_s971,Small Soldiers,Movie,Prime Video,Joe Dante,"Kirsten Dunst, Gregory Smith, Jay Mohr, Phil Hartman, Kevin Dunn",,,1998,PG-13,110.0,Action,"When missile technology is used to enhance toy action figures, the toys soon begin to take their battle programming too seriously.",
prime_s322,To Catch a Thief,Movie,Prime Video,Alfred Hitchcock,"Cary Grant, Grace Kelly, Jessie Royce Landis, John Williams, Charles Vanel, Brigitte Auber, Jean Martinelli, Georgette Anys",United States,,1955,PG,106.0,Drama,Stars Cary Grant as a former thief suspected of a new series of crimes and Grace Kelly as the woman who romances him.,
netflix_s4521,Ordinary Heroes,TV Show,Netflix,,"Giorgio Tirabassi, Marco Bocci, Cristiana Capotondi, Greta Scarano, Michela Cescon, Diane Fleri, Carlo Calderone, Claudio Gioè, Romina Mondello, Orlando Cinque, Luigi Maria Burruano, Riccardo Scamarcio, Lorenza Indovina, Ivana Lotito, Pierfrancesco Poggi, Marco Leonardi, Anna Ferruzzo, Peppino Mazzotta, Giorgio Marchesi",,2018-10-11,2018,TV-MA,1.0,Crime TV Shows,"Get an intimate look at four engaged citizens whose courage, sense of civic duty and ultimate sacrifice helped to transform Italian society.",
hbomax_tm63812,The Hero,Movie,HBO Max,Satyajit Ray,"Uttam Kumar, Sharmila Tagore, Bireswar Sen, Somen Bose",IN,1966-01-01,1966,,118.0,drama,"Arindam, a matinee idol, is going by train to collect an acting award. On the train, he is confronted by Aditi, a journalist who somewhat unwillingly starts to take his interview. Arindam, won over by Aditi's naivete, starts to disclose his past, his fears and his secrets.",8.3
hbomax_tm11500,A Clockwork Orange,Movie,HBO Max,Stanley Kubrick,"Malcolm McDowell, Patrick Magee, Michael Bates, Warren Clarke",US,1972-01-01,1972,R,137.0,drama,"In a near-future Britain, young Alexander DeLarge and his pals get their kicks beating and raping anyone they please. When not destroying the lives of others, Alex swoons to the music of Beethoven. The state, eager to crack down on juvenile crime, gives an incarcerated Alex the option to undergo an invasive procedure that'll rob him of all personal agency. In a time when conscience is a commodity, can Alex change his tune?",8.3
hbomax_tm106680,Italianamerican,Movie,HBO Max,Martin Scorsese,"Catherine Scorsese, Charles Scorsese, Martin Scorsese",US,1980-01-01,1980,,49.0,documentation,Filmmaker Martin Scorsese interviews his mother and father about their life in New York and family history back in Sicily.,7.6
prime_s519,The Neighbors [English Subtitled],TV Show,Prime Video,,"Bracha van Doesburgh, Daan Schuurmans, Thijs Römer, Karina Smulders, Fedja van Huêt, Anneke Blok, Hannah van Lunteren, Leopold Witte",,,2016,TV-NR,2.0,Drama,"After a year Eva comes out of a coma. Still suffering from memory loss she returns to the suburbs, while her husband Peter is locked away in an institution. After a daring prison escape Steef has two priorities: finding his son and taking revenge on Eva. New neighbors Steffi and Lex move into the neighborhood. They are unaware of last year’s drama and are preoccupied with a secret of their own.",
prime_s9029,Blue Call,Movie,Prime Video,Brian Farmer,"Katie Leclerc, Jonathan Bennett, Jack McGee, Andrea Sixtos, William Belli, Shelby Wulfurt",,,2021,18+,81.0,Horror,"AN lEMT suffering from PTSD Spends her days making split second decisions with lives that hang in the balance. One night on a routine call, she is faced with a moral decision, taking matters into her own hands and mercy kills a young woman. Now, falling deeper and deeper into a rabbit hole, she gets caught up in a world of underground drugs and a sadistic killer who's made her his next victim.",
prime_s2471,Fireflies,TV Show,Prime Video,,"Libby Tanner, John Waters, Jeremy Sims, Natasha Novak, Nadia Townsend, Chris Morris",,,2004,13+,1.0,Action,"City slickers Lill and Perry escape to a rural idyll and begin to assimilate into a small community where everyone knows everyone else's business. The focus of the town and the show is the local volunteer fire service but that's only a device. While there is always a fire to put out the stories are primarily about the lives of the firefighters and those around them, away from the forefront.",
netflix_s6490,City of Tiny Lights,Movie,Netflix,Pete Travis,"Riz Ahmed, Billie Piper, James Floyd, Cush Jumbo, Roshan Seth, Hannah Rae, Antonio Aakeel, George Sargeant, Alexander Siddig, Vincent Regan, Barry Aird",United Kingdom,2017-07-21,2016,TV-MA,110.0,Dramas,"In moody London, a burned-out sleuth sinks into a world of corruption and murderous romance when he tackles a mysterious case of a missing sex worker.",
netflix_s4048,No Other Woman,Movie,Netflix,Ruel S. Bayani,"Anne Curtis, Derek Ramsay, Cristine Reyes, Tirso Cruz III, Carmi Martin, John Arcilla, Marlann Flores, Ron Morales, Kat Alano",Philippines,2019-03-04,2011,TV-MA,103.0,Dramas,"A happily married man gives in to temptation when a wealthy client pursues him, setting off a torrid love triangle.",
hbomax_tm49065,RKO 281,Movie,HBO Max,Benjamin Ross,"Liev Schreiber, James Cromwell, Melanie Griffith, John Malkovich",GB,1999-01-01,1999,R,84.0,drama,"In 1939, boy-wonder Orson Welles leaves New York, where he has succeeded in radio and theater, and, hired by RKO Pictures, moves to Hollywood with the purpose of making his first film.",7.0
prime_s6086,Luxe Listings Sydney,TV Show,Prime Video,,"Gavin Rubinstein, Simon Cohen, D'Leanne Lewis",,,2021,NR,1.0,Unscripted,"Iconic beaches and breathtaking properties make Sydney one of the most cutthroat real estate markets in the world. For the first time ever, this high stakes carousel of multi-million dollar homes is revealed through a trio of Australia’s top agents, who stop at nothing to deliver results for their demanding clientele, while balancing their hectic personal lives with their demanding careers.",
prime_s8597,Talk To Her,Movie,Prime Video,Pedro Almodovar,"Geraldine Chaplin, Javier Camara, Leonor Watling, Dario Grandinetti, Rosario Flores",,,2002,R,113.0,International,"After a chance encounter at a theater, two men, Benigno and Marco, meet at a private clinic where Benigno works. Lydia, Marco's girlfriend and a bullfighter by profession, has been gored and is in a coma. It so happens that Benigno is looking after another woman in a coma, Alicia, a young ballet student. The lives of the four characters will flow in all directions, past, present and future, dra..",
netflix_s8587,Thumper,Movie,Netflix,Jordan Ross,"Eliza Taylor, Pablo Schreiber, Daniel Webber, Lena Headey, Ben Feldman, Grant Harvey, Jazzy De Lisser, Brett Rice",United States,2018-02-05,2017,TV-MA,93.0,Dramas,"After moving to a hardscrabble suburban California town, a young woman becomes dangerously entangled with a local drug enterprise.",
netflix_s6268,Bebe's Kids,Movie,Netflix,Bruce W. Smith,"Faizon Love, Vanessa Bell Calloway, Wayne Collins, Jonell Green, Marques Houston, Tone-Loc, Myra J., Nell Carter",United States,2019-11-20,1992,PG-13,73.0,Comedies,"When ladies' man Robin meets Jamika, he falls head over heels, but she greets him with four surprises: her son and her girlfriend Bebe's three kids.",
prime_s4,Pink: Staying True,Movie,Prime Video,Sonia Anderson,"Interviews with: Pink, Adele, Beyoncé, Britney Spears, Christina Aguilera, more!",United States,2021-03-30,2014,,69.0,Documentary,"Pink breaks the mold once again, bringing her career to a new level in 2013 with a world tour that entertains unlike ever before! Get inside access to ""the girl who got the party started"" with exclusive interviews and rare live performances.",
prime_s3315,Almost Royal,TV Show,Prime Video,,,,,2016,TV-MA,2.0,TV Shows,"BBC America: British aristocrats, Georgie and Poppy Carlton, make their triumphant and highly-anticipated return to the United States to closely examine the subjects that define American life today.",
prime_s1513,Nazi Quest for the Holy Grail,Movie,Prime Video,Tom Barbor-Might,,,,2013,16+,44.0,Documentary,"In the final days of the Second World War, American troops discovered a vast hoard of mysterious Nazi files hidden in a cave in Southern Germany. Buried deep in these secret documents were the details of one of the Third Reichs most shadowy projects: the hunt to discover the lost Aryan civilization from which the Nazis believed they had descended.",
prime_s5406,We All Think We're Special,Movie,Prime Video,Kirby Voss,"Jared Bankens, William McGovern, Sophie Marie White, Sherri Marina, Felicia Stallard, John Swider, Eli Barron, Caleb Caldcleugh, Gavin Foley",,,2021,18+,91.0,Drama,"In this haunting drama, a night of reckless drinking compels a car mechanic to forcibly detox his best friend, whatever the cost.",
disney_tm411403,Into the Okavango,Movie,Disney+,Neil Gelinas,Steve Boyes,US,2018-01-01,2018,PG,94.0,documentation,"A passionate conservation biologist brings together a river bushman fearful of losing his past and a young scientist uncertain of her future on an epic, four-month expedition across three countries, through unexplored and dangerous landscapes, in order to save the Okavango Delta, one of our planet's last pristine wildernesses.",7.6
prime_s8413,Doc West - Part 2,Movie,Prime Video,"Giulio Base, Terence Hill","Terence Hill, Clare Carey, Paul Sorvino, Maria P. Petruolo",,,2009,PG,94.0,Comedy,"After bandits steal his poker winnings this American legend makes his way to the next town in search of them. Seeking out his revenge during a poker game gone bad Doc West finds himself in the local town jail. When his past is exposed and a battle amongst the town breaks out in gunfire he will have to choose sides, between the outlaws or the law-abiding citizens.",
hbomax_tm154519,Cabaret,Movie,HBO Max,Bob Fosse,"Liza Minnelli, Michael York, Helmut Griem, Joel Grey",US,1972-01-01,1972,PG,124.0,drama,"Inside the Kit Kat Club of 1931 Berlin, starry-eyed singer Sally Bowles and an impish emcee sound the clarion call to decadent fun, while outside a certain political party grows into a brutal force.",7.8
netflix_s1340,Invisible City,TV Show,Netflix,,"Marco Pigossi, Alessandra Negrini, Fábio Lago, Jéssica Córes, Jimmy London, Wesley Guimarães, Áurea Maranhão, Julia Konrad, Thaia Perez, Manu Dieguez, José Dumont, Tainá Medina, Rafael Sieg, Samuel de Assis, Victor Sparapane",Brazil,2021-02-05,2021,TV-MA,1.0,Crime TV Shows,"After a family tragedy, a man discovers mythical creatures living among humans — and soon realizes they hold the key to his mysterious past.",
hbomax_tm1133028,The Snakes,Movie,HBO Max,Michelle Beck,"Carra Patterson, James Wallert, Jacob Ming-Trent, Stacey Sargeant",,2021-01-01,2021,,14.0,,"Set in an alternate future where Roe v. Wade has been overturned, a depressed Black woman, deals with the culture of fear by channeling her rage into violent fantasies.",
hbomax_tm189227,Don't Play Us Cheap,Movie,HBO Max,Melvin Van Peebles,"Esther Rolle, Avon Long, Mabel King, Rhetta Hughes",US,1972-01-01,1972,,95.0,comedy,"The comedic tale of two minions of the devil who crash a Harlem party thrown by Miss Maybell with high hopes of destroying its festive atmosphere. The first of the imps to arrive, Trinity, loses sight of his mission and consequently falls in love with Miss Maybell's impressionable young niece Earnestine. Trinity is later joined by Brother Dave, his older, more jaded partner. But as Dave pulls out all the stops to dampen the mood, he serves only to enhance the partygoers' good spirits.",5.5
hbomax_tm13613,Watership Down,Movie,HBO Max,Martin Rosen,"John Hurt, Richard Briers, Michael Graham Cox, John Bennett",GB,1978-01-01,1978,PG,88.0,drama,"When the warren belonging to a community of rabbits is threatened, a brave group led by Fiver, Bigwig, Blackberry and Hazel leave their homeland in a search of a safe new haven.",7.6
netflix_s5401,Professor,Movie,Netflix,Lekh Tandon,"Shammi Kapoor, Kalpana, Lalita Pawar, Parveen Choudhary, Salim, Pratima Devi, Rashid Khan, Bir Sakuja, Bela Bose, Ratnamala",India,2017-07-01,1962,TV-PG,163.0,Comedies,A college grad in need of money must disguise himself as an old man to tutor two young women who are under the watchful eye of their strict aunt.,
netflix_s15,Crime Stories: India Detectives,TV Show,Netflix,,,,2021-09-22,2021,TV-MA,1.0,British TV Shows,Cameras following Bengaluru police on the job offer a rare glimpse into the complex and challenging inner workings of four major crime investigations.,
prime_s5713,Gamera: Guardian of the Universe,Movie,Prime Video,Shûsuke Kaneko,"Ihara, Akira Onodera, Ayako Fujitani",,,1995,13+,95.0,Action,"Following a long absence from the big screen, Gamera made a triumphant return to form in time for his 30th anniversary, with upgraded special effects and a more serious tone. Now a guardian deity, Gamera tussles with a new incarnation of his old foe - the flying monster Gyaos - first in Fukuoka, and then in a spectacular aerial battle over Tokyo.",
netflix_s6728,Eyyvah Eyyvah 3,Movie,Netflix,Hakan Algül,"Demet Akbağ, Ata Demirer, Özge Borak, Salih Kalyon, Tanju Tuncel, Serra Yılmaz, Tarık Ünlüoğlu, Ayşenil Şamlıoğlu",Turkey,2017-03-10,2014,TV-PG,103.0,Comedies,"Life is tough for Hüseyin after marrying his true love. He works day and night to support his growing family, while singer Firuzan copes with fame.",
netflix_s8684,Vodka Diaries,Movie,Netflix,Kushal Srivastava,"Kay Kay Menon, Raima Sen, Mandira Bedi, Sharib Hashmi, Rishi Bhutani, Herry Tangri, Vaishnavi Dhanraj, Swati Rajput",India,2019-12-31,2018,TV-14,113.0,Dramas,"While investigating a series of murders and the nightclub that links them, a detective’s case takes an alarming turn when his wife goes missing.",
netflix_s4634,Mobile Suit Gundam UC,TV Show,Netflix,,"Kouki Uchiyama, Ayumi Fujimura, Hiro Shimono, Haruka Tomatsu, Daisuke Namikawa, Megumi Toyoguchi, Yuhko Kaida, Shuichi Ikeda, Tetsuya Kakihara",Japan,2018-09-20,2014,TV-PG,1.0,Anime Series,"When Banagher Links meets the mysterious Audrey Burne, he inherits the Unicorn Gundam and is swept up into the battle for space colony independence.",
prime_s5647,The Lie,Movie,Prime Video,Veena Sud,"Joey King, Peter Sarsgaard, Mireille Enos",United States,,2020,16+,95.0,Drama,"When their teenaged daughter confesses to impulsively killing her best friend, two desperate parents cover up the horrific crime with a web of lies and deception.",
hbomax_tm1255336,Habla Loud,Movie,HBO Max,Alberto Ferreras,"Residente, Carla Morrison, Wilson Cruz, Isabella Gomez",,2022-01-01,2022,,59.0,documentation,"Inspiring celebrities and influential Latinos come together to ""speak loudly"" and share their stories of being Latinos in the U.S.",5.2
disney_tm60240,Genius,Movie,Disney+,Rod Daniel,"Trevor Morgan, Emmy Rossum, Charles Fleischer, Yannick Bisson",US,1999-01-01,1999,G,82.0,comedy,Charlie Boyle finds that even his high IQ can't solve all of his problems when he takes on a double life in order to make friends his own age.,6.1
prime_s3038,Blippi - Educational Videos for Children,TV Show,Prime Video,,Stevin John,,,2016,ALL,1.0,Kids,"""Blippi"" is an educational children's show geared towards the ages of 2-6 years old. The fun and goofy host takes you for an adventure learning about exciting things like fire trucks, animals, garbage trucks, space, tractors and more while tying it into learning numbers, colors, shapes, words, and more!",
hbomax_tm350937,Backstabbing for Beginners,Movie,HBO Max,Per Fly,"Theo James, Jacqueline Bisset, Ben Kingsley, Rossif Sutherland",CA,2018-01-01,2018,R,108.0,thriller,An idealistic young employee at the U.N. investigates the grizzly murder of his predecessor – and uncovers a vast global conspiracy that may involve his own boss.,6.3
prime_s6523,Tequila Flavored Cigarettes,Movie,Prime Video,Bobby McGruther,"Bobby McGruther, Amandalyn McLellan, Samantha Nolte, Robert Lincoln, Maya Tripathy, Lawrence Kochoa, Bianca Roses, Rachel Robyn Wagner, Allison Blackman",,,2021,16+,77.0,Comedy,"Your soulmate is decided on your 23rd birthday. Childhood friends reunite to celebrate the birthday of Angelo, the last of their group to turn 23. As the night progresses, old feelings come up, and they start to question whether the system is perfect.",
prime_s81,Woman Of Desire,Movie,Prime Video,Robert Ginty,"Jeff Fahey, Bo Derek",,,1994,R,99.0,Drama,"A yacht captain, Jack Lynch, is accused of murdering his boss and raping the victim's wife, Christina Ford. Nothing is how it first appears. Jack seeks the help of veteran attorney Walter J. Hill to help prove his innocence.",
netflix_s6714,Everybody Knows,Movie,Netflix,Asghar Farhadi,"Penélope Cruz, Javier Bardem, Ricardo Darín, Eduard Fernández, Bárbara Lennie, Inma Cuesta, Elvira Mínguez, Ramón Barea, Carla Campra, Sara Sálamo, Roger Casamajor, José Ángel Egido",Spain,2019-06-06,2019,R,133.0,Dramas,"Journeying back to her small Spanish hometown for her sister's wedding, Laura must grapple with long-buried secrets when her daughter is abducted.",
netflix_s3899,Lunatics,TV Show,Netflix,,Chris Lilley,Australia,2019-04-19,2019,TV-MA,1.0,International TV Shows,This mockumentary series follows the peculiar lives of six eccentric – and sometimes obscene – misfits who march to their own beat.,
netflix_s3456,Super Monsters,TV Show,Netflix,,"Elyse Maloway, Vincent Tong, Erin Matthews, Andrea Libman, Alessandro Juliani, Nicole Anthony, Ian James Corlett, Britt McKillip, Kathleen Barr, Diana Kaarina",,2019-10-04,2019,TV-Y,3.0,Kids' TV,Preschool kids whose parents are the world's most famous monsters try to master their special powers while preparing for kindergarten.,
netflix_s4990,Ricky Gervais: Humanity,Movie,Netflix,John L. Spencer,Ricky Gervais,United Kingdom,2018-03-13,2018,TV-MA,79.0,Stand-Up Comedy,"In his first special in seven years, Ricky Gervais slings his trademark snark at celebrity, mortality and a society that takes everything personally.",
hbomax_tm50063,She's Having a Baby,Movie,HBO Max,John Hughes,"Kevin Bacon, Elizabeth McGovern, Alec Baldwin, William Windom",US,1988-01-01,1988,PG-13,106.0,comedy,"Jake and Kristy Briggs are newlyweds. Being young, they are perhaps a bit unprepared for the full reality of marriage and all that it (and their parents) expect from them. Do they want babies? Their parents certainly want them to. Is married life all that there is? Things certainly aren't helped by Jake's friend Davis, who always seems to turn up just in time to put a spanner in the works.",5.9
prime_s9561,C.R.Usher,Movie,Prime Video,Richard Groen,"Julianne Carioto, Veronique Fortin (I), Angela Parent, Richard Groen, Lindsay Whit, Rodrigues A. Williams, Laszlo Szijarto (I)",,,2016,16+,104.0,Drama,"A woman becomes the subject of a terror campaign from a psychotic killer when she helps police locate a wanted drug lord, who gets killed during the arrest. From award winning director Richard Groen, featuring award winning actress Julianne Carioto.",
netflix_s5723,Case,TV Show,Netflix,,"Steinunn Ólína Þorsteinsdóttir, Magnús Jónsson, Þorsteinn Bachmann, Jóhanna Vigdís Arnardóttir, Birna Rún Eiríksdóttir, Elma Stefania Agustsdottir, Bergur Þór Ingólfsson, Halldóra Geirharðsdóttir, Arnar Jónsson, Davíð Freyr Þórunnarson, Björn Stefánsson, Nína Dögg Filippusdóttir, Hjortur Jóhann Jónsson",Iceland,2016-11-09,2015,TV-MA,1.0,Crime TV Shows,A smart lawyer whose drinking and recklessness send him on a path of self-destruction finds new purpose investigating a teenager's apparent suicide.,
netflix_s6538,Counterfeiting in Suburbia,Movie,Netflix,Jason Bourque,"Sarah Butler, Larissa Albuquerque, Kayla Wallace, Matthew MacCaull, James Dean, Alison Wandzura, Bruce Blain, Natalie Grace, Phillip Mitchell",Canada,2018-07-01,2018,TV-14,88.0,Dramas,"Two teenagers print counterfeit money in their high school art room, but things go terribly wrong when their debt-ridden teacher becomes suspicious.",
prime_s5401,Engada Iruthinga Ivvalavu Naala,Movie,Prime Video,Kevin,"Akhil, Shara Nair, Yogi Babu, Rajendran",,,2021,13+,113.0,Drama,"Engada Iruthinga Ivvalavu Naala is a fun-filled Tamil Comedy flick featured Akhil Farook, Ishara Nair, Yogi Babu and Motta Rajendran as lead characters. Other popular actors who were roped in for Engada Iruthinga Ivvalavu Naala are Manobala, Kausalya and Bala Singh.",
disney_ts309940,Mickey's Mousekersize,TV Show,Disney+,,"Wayne Allwine, Tony Anselmo, Jim Cummings, Bill Farmer",US,2011-01-01,2011,,1.0,animation,"Mickey's Mousekersize is a short series based on Mickey Mouse Clubhouse airing on the Disney Junior programming block. It premiered on February 14, 2011. Characters featured in the short series are Mickey Mouse, Minnie Mouse, Donald Duck, Daisy Duck, Goofy, Pluto, Clarabelle Cow, and Toodles.",
netflix_s8661,Undercover: How to Operate Behind Enemy Lines,Movie,Netflix,John Ford,,United States,2017-03-31,1943,TV-PG,61.0,Classic Movies,This World War II-era training film dramatizes how secret agents should act while undercover and how to avoid capture by enemies.,
prime_s6222,No Clue,Movie,Prime Video,Carl Bessai,"Brent Butt, Amy Smart, David Koechner, David Cubitt, Dan Payne",,,2013,13+,96.0,Comedy,"When a beautiful woman named Kyra accidentally stumbles into Leo Falloon's office and mistakes him for a private investigator, he doesn't exactly set the record straight. He instead agrees to help locate her missing brother - one of Vancouver's top video game designers. Leo's investigation leads him into the surprisingly dangerous and cutthroat world of the video game industry.",
prime_s5661,Eagle Eye,Movie,Prime Video,D.J. Caruso,"Shia LaBeouf, Michelle Monaghan, Rosario Dawson, Michael Chiklis, Anthony Mackie, Billy Bob Thornton",,,2008,PG-13,118.0,Action,Shia LaBeouf and Michelle Monaghan star as two strangers trying to escape danger when they are ripped from their ordinary lives and 'activated' as part of a hightech assassination plot.,
netflix_s2068,Fate/Grand Order -First Order-,Movie,Netflix,Hitoshi Namba,"Nobunaga Shimazaki, Rie Takahashi, Ayako Kawasumi, Madoka Yonezawa, Kenichi Suzumura, Tomokazu Sugita",Japan,2020-09-01,2016,TV-14,72.0,Action & Adventure,"Discovering that humanity is facing extinction, a new recruit to the Chaldea Security Organization goes back in time in order to save the future.",
hbomax_tm100826,Original Cast Album: Company,Movie,HBO Max,D. A. Pennebaker,"Stephen Sondheim, Hal Prince, Elaine Stritch, Dean Jones",US,1970-01-01,1970,PG,53.0,music,"In 1970, right after the triumphant premiere of Stephen Sondheim’s groundbreaking concept musical Company, the renowned composer and lyricist, his director Harold Prince, the show’s stars, and a large pit orchestra all went into a Manhattan recording studio as part of a time-honored Broadway tradition: the making of the original cast album. What ensued was a marathon session in which, with the pressures of posterity and the coolly exacting Sondheim’s perfectionism hanging over them, all involved pushed themselves to the limit.",8.1
prime_s7856,Freelancers: Mexico,Movie,Prime Video,Bill Gentile,Bill Gentile,,,2019,13+,55.0,Documentary,"They are a new breed of journalist. Daring, determined and tech-savvy, freelance foreign correspondents fill the void left by mainstream media retreating from international news coverage. Independent journalist Bill Gentile introduces us to his fellow free spirits in Mexico, where the so-called War on Drugs has left at least 175,000 people dead, and 104 journalists murdered since the year 2000.",
netflix_s8375,The Jungle School,Movie,Netflix,Riri Riza,"Prisia Nasution, Nyungsang Bungo, Rukman Rosadi, Nadhira Suryadi, Ines Somellera",Indonesia,2018-10-30,2013,TV-PG,90.0,Dramas,An idealistic young woman travels to the jungles of Indonesia to teach literacy – and much more – to local children.,
prime_s4101,Colorz of Rage,Movie,Prime Video,Dale Resteghini,"Nicki Richards, Dale Resteghini, Redman, Cheryl Pepsii Riley",,,1999,R,90.0,Drama,"When an interracial couple move to New York City from the suburbs of Boston, they are hit with a hard-core reality that they are totally unprepared for.",
prime_s7253,The Bad Mother's Handbook,Movie,Prime Video,Robin Sheppard,"Catherine Tate, Robert Pattinson, Holly Grainger, Anne Reid, Steve John Shepherd",,,2010,PG-13,70.0,Comedy,"Daniel (Robert Pattinson) has been spending a lot of time with his crush, Charlotte, who has just learned she is pregnant. Daniel helps Charlotte with her pregnancy struggles and finds himself on a memorable 9-month journey with three independent, outspoken women. Through the tears, laughter and love, this dysfunctional family finds a way to stick it out together.",
netflix_s2749,Well-Intended Love,TV Show,Netflix,,"Xu Kaicheng, Simona Wang, Ian Yi, Huang Qian Shuo, Yang Hao Ming, Liu Jia Xi",China,2020-04-01,2020,TV-14,2.0,International TV Shows,"To secure a bone marrow donation, an actress diagnosed with leukemia makes a marriage pact with a young CEO – but love and secrets get in the way.",
prime_s4386,Insanity,Movie,Prime Video,David Lee,"Lau Ching-wan, Huang Xiaoming",,,2015,16+,103.0,Suspense,"3 years after suffering a mental breakdown that resulted in his wife's death, a schizophrenic is released after being declared cured. But when he accidentally kills again his doctor goes to extreme lengths to hide his patient's crime.",
netflix_s4605,Strong,TV Show,Netflix,,Gabrielle Reece,United States,2018-10-01,2016,TV-14,1.0,Reality TV,Gabrielle Reece hosts a transformative competition of tough fitness challenges as 10 women partner with 10 elite personal trainers.,
netflix_s96,The Circle,TV Show,Netflix,,Michelle Buteau,United States,2021-09-08,2021,TV-MA,3.0,Reality TV,"Status and strategy collide in this social experiment and competition show where online players flirt, befriend and catfish their way toward $100,000.",
prime_s2955,Brothers O'Toole,Movie,Prime Video,Richard Erdman,"John Astin, Pat Carroll, Hans Conried, Richard Erdman, Allyn Joslyn, Richard Jury, Lee Meriwether, Jesse White, Steve Carlson, Miranda Barry, Francelle Fuller, Ted Claassen, Harlan Knudson, Leon Inge, Jacques Hampton, Charlie Dell, Vern Porter, Noomis Jones, Leland Murray, Ed Mullancy, William Oakley, Gary Tessler, The Rufus Krisp Ensemble",,,1973,,95.0,Comedy,"Western spoof about two con-artist characters at large in 1890 Colorado. The comedy is centered around a gold hunt with lots of fun. Hans Conreid is excellent as the bedraggled, bombastic politician.",
prime_s3781,Roborex,Movie,Prime Video,Stephen Shimek,"Ben Browder, Kalvin Stinger, Ethan Phillips",,,2014,PG,91.0,Action,"James Miller has only one friend in the world, his beloved Labrador Retriever, Rex. But when a strange capsule lands in the his backyard and a robot dog emerges, his life will never be the same.",
netflix_s7441,Memoir of a Murderer,Movie,Netflix,Shin-yeon Won,"Kyung-gu Seol, Nam-gil Kim, Seol-hyun Kim, Dal-su Oh, Seok-jeong Hwang, In-Gum Jung, Ki-jun Shin, Jin-young Jang, Rina Shin, Hye-yoon Kim",South Korea,2018-02-19,2017,TV-MA,118.0,Dramas,"Hiding his own murderous past, a man suffering from Alzheimer's must protect his daughter from her boyfriend, who he suspects is also a serial killer.",
disney_tm20982,The Santa Clause 3: The Escape Clause,Movie,Disney+,Michael Lembeck,"Tim Allen, Elizabeth Mitchell, Eric Lloyd, Judge Reinhold",US,2006-01-01,2006,G,91.0,comedy,"Now that Santa and Mrs. Claus have the North Pole running smoothly, the Counsel of Legendary Figures has called an emergency meeting on Christmas Eve! The evil Jack Frost has been making trouble, looking to take over the holiday! So he launches a plan to sabotage the toy factory and compel Scott to invoke the little-known Escape Clause and wish he'd never become Santa.",4.8
netflix_s8786,YOM,TV Show,Netflix,,"Sairaj, Devyani Dagaonkar, Ketan Singh, Mayur Vyas, Ketan Kava",,2018-06-07,2016,TV-Y7,1.0,Kids' TV,"With the mind of a human being, and the body of whichever animal he chooses to be, a young boy protects the world from danger.",
hbomax_tm62407,Pépé le Moko,Movie,HBO Max,Julien Duvivier,"Jean Gabin, Mireille Balin, Gabriel Gabrio, Lucas Gridoux",FR,1937-01-01,1937,,94.0,drama,"Pépé le Moko, one of France's most wanted criminals, hides out in the Casbah section of Algiers. He knows police will be waiting for him if he tries to leave the city. When Pépé meets Gaby, a gorgeous woman from Paris who is lost in the Casbah, he falls for her.",7.7
netflix_s2288,Queen,Movie,Netflix,Vikas Bahl,"Kangana Ranaut, Rajkummar Rao, Lisa Haydon, Mish Boyko, Jeffrey Chee Eng Ho, Marco Canadea, Sabeeka Imam, Yogendra Tikku",India,2020-07-05,2014,TV-MA,138.0,Comedies,"Dumped by her fiancé, a sheltered young woman decides to go on her honeymoon to Europe alone, embarking on an exhilarating journey of self-discovery.",
prime_s5654,My Friend Rabbit,TV Show,Prime Video,,"Peter Oldring, Richard Binsley, Denise Oliver",,,2007,TV-Y7,1.0,Animation,"In this all-ages animation, Mouse works together with his best friend Rabbit and a group of animals to solve problems.",
prime_s1497,Nic Hamilton's Racing Dream,Movie,Prime Video,Jason Bernard,Jake Humphrey,,,2012,,50.0,Documentary,"A touching and inspiring documentary following 19-year-old Nic Hamilton, brother of Formula One World Champion Lewis, as he strives to fulfill his own lifelong dream of becoming a racing driver. The twist in the tale is that Nic has cerebral palsy.",
prime_s8412,Gary Owen: #DoinWhatIDo,Movie,Prime Video,Brian Volk-Weiss,Gary Owen,,,2019,18+,63.0,Arts,"In #DoinWhatIDo Gary Owen hilariously bridges the ""lanes"" of black and white cultures as only he can, both in his home and on social media. From Black Twitter, his daughter's homecoming date, to the rules of when we can and cannot use the N-word, no one does it better!",
appletv_tm984163,Palmer,Movie,Apple TV+,Fisher Stevens,"Justin Timberlake, Ryder Allen, Juno Temple, Alisha Wainwright",US,2021-01-01,2021,R,110.0,drama,"After 12 years in prison, former high school football star Eddie Palmer returns home to put his life back together—and forms an unlikely bond with Sam, an outcast boy from a troubled home. But Eddie's past threatens to ruin his new life and family.",7.2
prime_s2304,Goyenda Junior,Movie,Prime Video,Mainak Bhaumik,"Rwitobroto Mukherjee, Shantilal Mukherjee, Anusha Viswanathan",India,,2019,ALL,118.0,International,"Bikram (Rwitobroto Mukherjee), a teenage boy, spends his days mooning over his crush Tuki (Anusha Viswanathan), and reading lots of crime fiction. An odd twist of events leads Bikram on a quest to solve the perfect crime - a murder cleverly disguised as a natural death !",
prime_s1510,NBA The Essentials: Chicago Bulls 1998 NBA Finals Game 6 vs. Jazz,Movie,Prime Video,Not Available,"Michael Jordan, Dennis Rodman, Ron Harper, Toni Kukoc, Luc Longley, Scottie Pippen",,,2012,7+,111.0,Documentary,NBA Essentials: Chicago Bulls series spans the history of this storied franchise. Fans of all ages will enjoy this look back at some of the franchise's finest moments!,
prime_s3520,15-Minute Upper Strength Focus 5.0 Workout,Movie,Prime Video,,Maggie Binkley,,,2017,ALL,19.0,Fitness,"No Equipment Needed. TIP: complete Maggie's Series 1.0 - 4.0 for 4+ weeks each prior to Series 5.0. This 15-minute weekly workout is designed to work every major muscle in your upper half. Find the Weekly Workout Schedule for this Series, and more, on my website (FitnessMaggie).",
prime_s8537,Personals,Movie,Prime Video,Mike Sargent,"Malik Yoba, Stacey Dash, Monteria Ivey",,,1999,R,91.0,Comedy,"After a staff writer from a trendy New York magazine loses his job as a result of his dalliances with women, he decides to combine business and pleasure through a piece of free-lance reporting on the dating scene: thirty dates in thirty nights.",
prime_s361,Thomas & Friends Classic,TV Show,Prime Video,,Michael Brandon,,,2003,TV-Y,7.0,Kids,"Watch these track stars! Percy gets it right, as Gordon steams over Spencer. Salty saves the day, while Thomas deserves a medal. Join in the adventure and fun with Thomas and Friends.",
prime_s9546,Justin Bieber: Our World,Movie,Prime Video,Michael D. Ratner,,,,2021,PG,95.0,Arts,"Justin Bieber: Our World takes viewers backstage and into the private world of the global superstar as he prepares for his NYE 2020 concert. Bieber delivers an electrifying show on the roof of the Beverly Hilton Hotel for 240 guests - and millions watching via livestream. Produced & directed by Michael D. Ratner, the film also captures personal self-shot moments between Justin & his wife, Hailey.",
prime_s4334,Fanchon The Cricket,Movie,Prime Video,James Kirkwood,,,,2021,ALL,75.0,Drama,"A young wild girl Fanchon (Mary Pickford) lives in a forest with her eccentric grandmother who is suspected by the villagers of being a witch. The unkempt Fanchon suffers from her grandmother's sorceress reputation. One day the girl rescues a boy from drowning, and they fall in love, but Fanchon won't agree to marry him unless his father asks her.",
prime_s648,The Gay Ranchero,Movie,Prime Video,William Witney,"Roy Rogers, Andy Devine, Tito Guizar, Jane Frazee, Estelita Rodriguez",,,1942,13+,57.0,Suspense,"Criminal Vance Brados (Meeker) wants the profitable Mazanita Springs Spa and Airline for himself, and uses both sabotage and murder to try to acquire both. Sheriff Roy Rogers steps in to try to stop the sabotage of the planes, aided by Nicci Lopez (Guizar) and heroine Betty (Frazee). Roy sets up a trap to try to catch Vance and his gang, but things get complicated when Vances becomes suspicious. One of the more violent Roy Rogers films.",
netflix_s6772,Flying Guillotine 2,Movie,Netflix,"Kang Cheng, Shan Hua","Feng Ku, Chung Wang, Szu Shih, Lung Ti, Lo Lieh, Szu-Chia Chen",Hong Kong,2018-07-31,1978,TV-MA,88.0,Action & Adventure,"The emperor's reign of terror expands. Heroic outlaw Ma Teng joins a squad of female rebels, whose leader is torn between family loyalties.",
prime_s8285,Nacho Libre,Movie,Prime Video,Jared Hess,"Jack Black, Ana de la Reguera, H?ctor Jim?nez, Darius Rose, Moises Arias, Eduardo G?mez, Carlos Maycotte, Richard Montoya, Cesar Gonzalez, Rafael Montalvo, Julio Sandoval, Enrique Mu?oz, Carla Jimenez, Agust?n Rey, Troy Gentile, Julio Escalero, Peter Stormare, Lauro Chartrand, Filiberto Estrella, Jorge Vald?s Garc?a, Craig Williams, Brett Chan, Mike Ching, Abelardo Hernandez, Emiliano Quiroga, Armando Tapia, Alfonso Ram?rez, Ren? Campero, Lisa Owen, Crist?bal Puente, Zenaido Avenda?o, Carlos Acosta Barroso, Miguel Angel Bonequi, Carlos Cesar Caballero, Ignacio Gonzalez Camarena, Ricardo Castillo, Donald Chambers, Aaron Yamir Ramirez Esobar, Armando Gaytan, Antonio Salazar Gomez, Mar?a Gonz?lez, Felipe Jesus Hernandez, Rosenda Hernandez, Ismael Garcia y Su Trio, Joaquin Luis Jimenez, Dominick Kurek, Ventura Lahoz, Gerson Virgen Lopez, Rafael Gonzalez Lopez, Albert M. Madrid, Leobardo Magadan, Feliciano Ramos Mendoza, Rodolfo Garcia Merino, Luis Garcia Rendon, Tyler Steelman, Rachel Thorp",,,2006,PG,92.0,Comedy,"Berated all his life by those around him, a Friar (Black) follows his dream and dons a mask to moonlight as a 'Luchador' (wrestler).",
netflix_s5937,Shrek the Musical,Movie,Netflix,Jason Moore,"Brian d'Arcy James, Daniel Breaker, Sutton Foster, Christopher Sieber, John Tartaglia, Rozi Baker, Ryan Duncan, Leah Greenhaus, Chris Hoch, Marissa O'Donnell, Denny Paschall",United States,2013-12-29,2013,TV-G,130.0,Children & Family Movies,"The greatest fairy tale never told comes to life in this colorful, song-filled, Tony Award-winning Broadway production based on the hit movie.",
netflix_s1618,Natalie Palamides: Nate - A One Man Show,Movie,Netflix,Phil Burgers,Natalie Palamides,United States,2020-12-01,2020,TV-MA,60.0,Comedies,"Tough talk takes a soft turn as Nate, played by comedian Natalie Palamides, explores humor, heartbreak, sexuality and consent — with a live audience.",
netflix_s5801,Kulipari: An Army of Frogs,TV Show,Netflix,,"Mark Hamill, Keith David, Wendie Malick, Josh Keaton, Mikey Kelley, Phil LaMarr, Laraine Newman, Jess Harnell, Charles Adler, Amy Margolis, Cree Summer, Lacey Chabert, Rolonda Watts, Kevin Michael Richardson, Candi Milo",United States,2016-09-02,2016,TV-Y7,1.0,Kids' TV,"In a tale of bravery and heroism, fearless frogs go to war against the sinister scorpions and spiders that have teamed up to conquer the amphibians.",
hbomax_ts277036,Teenage Euthanasia,TV Show,HBO Max,,"Jo Firestone, Maria Bamford, Tim Robinson, Bebe Neuwirth",US,2021-01-01,2021,TV-14,2.0,animation,"A former runaway teen mom is accidentally resurrected in her family's funeral home, giving her a second chance to raise her now-teenage daughter.",5.6
hbomax_ts84351,Lovecraft Country,TV Show,HBO Max,,"Jonathan Majors, Jurnee Smollett, Wunmi Mosaku, Abbey Lee",US,2020-01-01,2020,TV-MA,1.0,drama,"The anthology horror series follows 25-year-old Atticus Freeman, who joins up with his friend Letitia and his Uncle George to embark on a road trip across 1950s Jim Crow America to find his missing father. They must survive and overcome both the racist terrors of white America and the malevolent spirits that could be ripped from a Lovecraft paperback.",7.1
netflix_s316,Ije: The Journey,Movie,Netflix,Chineze Anyaene,"Genevieve Nnaji, Omotola Jalade-Ekeinde, Odalys Garcia, Ulrich Que, Jeff Swarthout, Clem Ohameze, Ann D. Carey, Anahit Setian, Danielle Soibelman, Jon Morgan Woodward",United States,2021-08-03,2010,TV-MA,106.0,Dramas,"When her sister is accused of multiple murders, a Nigerian woman travels to Los Angeles to uncover the truth and fight for her sibling’s freedom.",
netflix_s8541,The Tuxedo,Movie,Netflix,Kevin Donovan,"Jackie Chan, Jennifer Love Hewitt, Jason Isaacs, Debi Mazar, Ritchie Coster, Peter Stormare, Mia Cottet, Romany Malco, Daniel Kash",United States,2019-11-01,2002,PG-13,99.0,Action & Adventure,"After a government spy is hospitalized, New York City cab driver Jimmy unwillingly takes over the spy's role – with the aid of a computerized tuxedo.",
netflix_s4302,Once in a Lifetime Sessions with Snow Patrol,Movie,Netflix,Matt Askem,"Gary Lightbody, Nathan Connolly, Jonny Quinn, Paul Wilson, Johnny McDaid, Edith Bowman",United States,2018-12-15,2018,TV-MA,83.0,Documentaries,"In addition to concert scenes and studio recording sessions, this documentary presents exclusive interviews of the five men from the Irish rock band.",
netflix_s8519,The Story of God with Morgan Freeman,TV Show,Netflix,,Morgan Freeman,United States,,2017,TV-14,2.0,Docuseries,"Host Morgan Freeman explores religion's role in human history, how our beliefs connect us and possible answers to life's million-dollar questions.",
prime_s6235,Go to School and Learn with Blippi,Movie,Prime Video,Stevin John,Stevin John,,,2021,ALL,47.0,Kids,"Blippi is an educational kids show tailored for children ages 2-5 years old. In this wonderful 'Back to School' collection of videos for kids, Blippi travels to a variety of exciting places to learn about colors, vehicles, counting and so much more!",
hbomax_tm9587,Europa,Movie,HBO Max,Lars von Trier,"Jean-Marc Barr, Barbara Sukowa, Udo Kier, Max von Sydow",DE,1991-01-01,1991,R,113.0,drama,"Postwar Germany, 1945. Leopold Kessler, an American of German descent, works as a sleeping car conductor for the Zentropa railway line. When he meets Katharina Hartmann, the railroad owner's daughter, and they fall in love, his life intersects with the dark and violent path of a mysterious organization opposed to the United States army military occupation.",7.6
netflix_s1919,Sword Art Online,TV Show,Netflix,,"Yoshitsugu Matsuoka, Haruka Tomatsu, Ayana Taketatsu, Kanae Ito, Rina Hidaka, Ayahi Takagaki, Hiroaki Hirata, Hiroki Yasumoto, Saori Hayami, Koichi Yamadera",Japan,2020-10-01,2018,TV-MA,3.0,Anime Series,A video game whiz helps create a new technology that enables players to guide their online avatars with their own bodies – but a dark twist emerges.,
netflix_s3788,Bad Blood,TV Show,Netflix,,"Anthony LaPaglia, Kim Coates, Enrico Colantoni, Paul Sorvino, Maxim Roy, Brett Donahue, Michelle Mylett, Claudia Ferri, Tony Nappo",Canada,2019-05-31,2019,TV-MA,2.0,Crime TV Shows,"This sprawling crime drama follows the true story of the Rizzuto family and its associates, who presided over organized crime in Montreal for decades.",
prime_s4129,Pacific Ocean Waves,Movie,Prime Video,Mark Knight,,,,2017,ALL,541.0,Special Interest,"For a full night's sleep. This ultra dark HD video of the moonlit winter Pacific Ocean accompanied by natural ocean sounds, reduces the blue-spectrum light waves-known to inhibit REM sleep. By following the five stages of sleep patterns, this calming video will help you relax into a deep sleep. Recorded at Kalaloch Beach, WA. All Sharecare Windows videos are included in your Prime membership.",
disney_tm90391,National Treasure,Movie,Disney+,Jon Turteltaub,"Nicolas Cage, Diane Kruger, Justin Bartha, Sean Bean",US,2004-01-01,2004,PG,131.0,action,"Modern treasure hunters, led by archaeologist Ben Gates, search for a chest of riches rumored to have been stashed away by George Washington, Thomas Jefferson and Benjamin Franklin during the Revolutionary War. The chest's whereabouts may lie in secret clues embedded in the Constitution and the Declaration of Independence, and Gates is in a race to find the gold before his enemies do.",6.9
prime_s1473,Not Wanted,Movie,Prime Video,"Ida Lupino, Elmer Clifton","Sally Forrest, Keefe Brasselle, Leo Penn, Dorothy Adams, Wheaton Chambers, Rita Lupino",,,1949,18+,91.0,Drama,"Sally, a bored young waitress, lives in a do-nothing, go-nowhere town, but longs for something bigger and brighter. When suave young musician Steve comes through town, Sally falls head-over-heels and follows him on the road – until she winds up pregnant and pursued by Steve’s creepy friend.",
prime_s1727,Mary Higgins Clark's: He Sees You When You're Sleeping,Movie,Prime Video,David Winning,"Erika Eleniak, Cameron Bancroft, Udo Kier, Greg Evigan",,,2002,PG,95.0,Drama,"Sterling Brooks, a self-absorbed stock broker, is killed in a freak golfing accident. In order to secure a heavenly future, Sterling is given the opportunity to help a needy young girl reunite with her family in time for Christmas. An unusual Christmas mystery with a heartwarming finale.",
prime_s3425,A Father's Son,Movie,Prime Video,Michael Landon Jr.,"John Schneider, Cheryl Ladd, Joel Berti, Sraha Lancaster, J. Kenneth Campbell, Julie Condra, Trever O'Brien, Shawn Pyfrom, Rachel Duncan, Daveigh Chase",,,1999,13+,96.0,Drama,"Michael Landon Jr. directs this biographical story of his television star father, Michael Landon. The film deals with the scarring that Michael Jr. felt after his parents divorce when he was 15 and looks at his father's philandering ways. Michael Jr. is the son of Landon's second wife, who was deserted when Landon took up with a make-up artist on the set of Little House on the Prairie.",
prime_s9456,Eric Clapton: Standing at the Crossroads,Movie,Prime Video,Robin Bextor,"Eric Clapton, Jack Bruce, Keith Richards",,,2021,7+,92.0,Documentary,"Eric Clapton is one of the most influential guitarists of all time. He ranked 2nd in Rolling Stone magazines list of the ""100 Greatest Guitarists of All Time"" and 4th in Gibson's ""Top 50 Guitarists of All Time"". In this documentary feature he is interviewed in depth with contributions from Keith Richards, John Mayall, The Yardbirds, Jack Bruce and many more. It is the definitive Clapton biography.",
prime_s2936,C.H.U.D.,Movie,Prime Video,Douglas Cheek,"Daniel Stern, Kim Greist",,,1984,R,97.0,Fantasy,"Beneath the streets of New York city, there are hundreds of miles of subterranean tunnels unfit for anything human, unauthorized for anything experimental and unlikely to come to the surface... until now. Something horrible is loose in the sewers of Manhattan, and the city's homeless population has begun to mutate into 'Cannibalistic Humanoid Underground Dwellers.'",
netflix_s2134,Teenage Bounty Hunters,TV Show,Netflix,,"Anjelica Bette Fellini, Maddie Phillips, Kadeem Hardison, Virginia Williams, Mackenzie Astin, Shirley Rumierk, Myles Evans, Devon Hales, Spencer House, Eric Graise, Charity Cervantes, Wynn Everett, Method Man",United States,2020-08-14,2020,TV-MA,1.0,Crime TV Shows,Twin sisters Sterling and Blair balance teen life at an elite Southern high school with an unlikely new career as butt-kicking bounty hunters.,
prime_s8040,Fast Getaway,Movie,Prime Video,Spiro Razatos,"Corey Haim, Cynthia Rothrock, Leo Rossi, Ken Lerner, Marcia Strassman",,,1991,PG-13,86.0,Action,"A lighthearted tale about a gang of bank robbers who fall out and split up. The brain of the gang is a boy who, with his father, successfully continues their crime spree. Annoyed at this, Lilly and her loyal, and stupid companion, decide to kidnap the boy, Nelson, and force him to work for them.",
prime_s8656,Shadowless,Movie,Prime Video,Salifu Zakari,Frank Artus Qwasi Blay Jessica Williams,,,2021,16+,105.0,Drama,"When the world they live in was against them, two lovers must face all the obstacles or let death unite them",
disney_tm591,Avengers: Infinity War,Movie,Disney+,"Anthony Russo, Joe Russo","Robert Downey Jr., Chris Hemsworth, Mark Ruffalo, Chris Evans",US,2018-01-01,2018,PG-13,149.0,action,"As the Avengers and their allies have continued to protect the world from threats too large for any one hero to handle, a new danger has emerged from the cosmic shadows: Thanos. A despot of intergalactic infamy, his goal is to collect all six Infinity Stones, artifacts of unimaginable power, and use them to inflict his twisted will on all of reality. Everything the Avengers have fought for has led up to this moment - the fate of Earth and existence itself has never been more uncertain.",8.4
prime_s7634,Death and Compromise,TV Show,Prime Video,,"Brian Elder, Andrea Flowers, John Hall",,,2021,16+,1.0,TV Shows,"In a small Texas town, outlaws Luke Young and Lem Sinclair make enemies with a ruthless deputy. The deputy frames the two for murder and sends the sheriff after them. As the rope of justice tightens around their necks, the duo must decide how fare they are willing to go to survive even when the odds are stacked against them.",
prime_s6004,Prem Qaidi,Movie,Prime Video,K. Muralimohana Rao,"Karisma Kapoor, Harish, Paresh Rawal, Asrani, Dalip Tahil, Rama Vij, Shafi Inamdar, Bharat Bhushan, Anjana Mumtaz, J.D. Chakravarthy, Harish Patel, Narsing Yadav, Ali",India,,1991,13+,157.0,Action,"A teenage couple fall in love, but their relationship is opposed by the girl's father because the boy is not from a wealthy family.",
netflix_s5073,Step Sisters,Movie,Netflix,Charles Stone III,"Megalyn Echikunwoke, Eden Sher, Lyndon Smith, Gage Golightly, Matt McGorry, Marque Richardson, Alessandra Torresani, Naturi Naughton, Nia Jervier, Robert Curtis Brown",United States,2018-01-19,2018,PG-13,108.0,Comedies,"With her Harvard Law dreams on the line, a black sorority leader agrees to help a rhythmically challenged sisterhood win a step dance championship.",
prime_s3353,Afsos,TV Show,Prime Video,,"Gulshan Devaiah, Anjali Patil, Heeba Shah, Robin Das",,,2020,16+,1.0,Action,A suicidal man and a deadly assassin encounter the world of immortality in this black comedy suspense thriller.,
netflix_s625,Prime Time,Movie,Netflix,Jakub Piątek,"Bartosz Bielenia, Magdalena Popławska, Andrzej Kłak, Małgorzata Hajewska, Dobromir Dymecki, Monika Frajczyk, Cezary Kosiński, Adam Nawojczyk, Juliusz Chrząstowski",,2021-06-30,2021,TV-MA,92.0,Dramas,"On New Year’s Eve 1999, an armed man enters a TV studio during a broadcast, takes the host hostage and makes one demand: to give a message live on air.",
netflix_s867,Small Town Crime,Movie,Netflix,"Eshom Nelms, Ian Nelms","John Hawkes, Anthony Anderson, Octavia Spencer, Robert Forster, Clifton Collins Jr., Jeremy Ratchford, James Lafferty, Michael Vartan, Daniel Sunjata, Don Harvey, Stefanie Scott, Caity Lotz, Dale Dickey",United States,2021-05-19,2017,R,92.0,Thrillers,"When a disgraced ex-cop discovers a dying woman, he's compelled to track down her killer — an act of self-redemption that takes him down a dark path.",
netflix_s4339,Don't Go Breaking My Heart 2,Movie,Netflix,Johnnie To,"Louis Koo, Gao Yuanyuan, Miriam Chin Wah Yeung, Vic Chou, Daniel Wu",Hong Kong,2018-12-01,2014,TV-14,113.0,Comedies,"Zixin is about to marry Qihong, but her gallivanting ex returns to wreak havoc as mistaken identities and love triangles stir up the lovers' paradise.",
prime_s6516,The Last Movie,Movie,Prime Video,Bruce Pittman,"Beth Gondek, Nataliya Alyexeyenko, Lawrence Bayne, Dawna Wright, Dwight McFee, Aubrey Ives, August Schellenberg, Robert Gulassarian, Vladimir Belov, Larysa Bajus, Laura Rowley, Sarah Higgins, Elissa Mielke, Shiya Zhao, Courtney Lamanna, Dayna Moritz",,,2012,13+,103.0,Arthouse,"Producer has acquired the remake rights to a Russian ""noir"" movie. He has also acquired the services of writer-director to translate the Russian version into an updated thriller. Ultimately an actress is cast in the part. A madness ensues that turns the making of the remake into a suspense thriller in and of itself.",
prime_s9327,Gli Onorevoli,Movie,Prime Video,Sergio Corbucci,"Peppino De Filippo, Totò",Italy,,1963,13+,99.0,Comedy,"A series of candidates for the Chamber encounters difficulties during the electoral campaign: the Christian Democrat Bianca Sereni (Franca Valeri) falls in love with the photographer who wants to discredit her, Senator Rossani Breschi (Gino Cervi) is forced to stop his rally because of a gang of children, the monarchist Antonio La Trippa (Totò) torments the condominiums with endless speeches ...",
hbomax_ts20926,Lois & Clark: The New Adventures of Superman,TV Show,HBO Max,,"Dean Cain, Teri Hatcher, Lane Smith, Justin Whalin",US,1993-01-01,1993,TV-PG,4.0,drama,"A much more lavish version of the popular Superman television series which had first aired forty years earlier, Lois & Clark focused more on the Man of Steel's early adult years in Metropolis. With the unknowing help of Lois Lane, Clark Kent created Superman there in Metropolis after finding work at the world-famous Daily Planet newspaper, where he meets fellow reporter Lois Lane.",6.7
prime_s2474,Finding Grace,Movie,Prime Video,Warren Fast,"Erin Gray, Paris Warner, Jasen Wade, Kisha Sharon Oglesby, David Keith",,,2020,13+,112.0,Drama,"A troubled teenage girl's life is turned upside down when she is forced to provide community service in a retirement home. As she develops a close friendship with one of the residents, she learns that giving is greater than receiving and she is forever changed when she discovers the power of family, hope, and faith through the strength of her devoted single father.",
netflix_s5029,Mute,Movie,Netflix,Duncan Jones,"Alexander Skarsgård, Paul Rudd, Justin Theroux",United Kingdom,2018-02-23,2018,TV-MA,127.0,Sci-Fi & Fantasy,"When his girlfriend vanishes, a mute man ventures into a near-future Berlin's seamy underworld, where his actions speak louder than words.",
prime_s3018,Blue Thunder,Movie,Prime Video,John Badham,"Roy Scheider, Warren Oates, Candy Clark, Daniel Stern, Malcolm McDowell, Anthony James, James Read, Joe Santos",,,1983,R,109.0,Action,The cop test pilot for an experimental police helicopter learns the sinister implications of the new vehicle.,
prime_s7686,God Raiga Vs King Ohga,Movie,Prime Video,Shinpei Hayashiya,,,,2021,16+,84.0,Science Fiction,"The giant monster Raiga returns, rising in Atami Harbor. A second kaiju, Ohga, soon joins the chaos, and the two monsters clash, destroying the city. Defense forces launch two new weapons, the giant tank Kamikaze and the drill tank Gokumei, to meet the monster invasion head on. But as the beasts work their way to Tokyo, will they be enough to stop them from laying waste to the city'",
netflix_s3480,Cultivating the Seas: History and Future of the Full-Cycle Cultured Kindai Tuna,Movie,Netflix,Mana Yasuda,,,2019-09-28,2019,TV-PG,45.0,Documentaries,An in-depth look at the full-cycle breeding program for bluefin Kindai tuna pioneered by Kinki University’s Aqua Culture Research Institute.,
hbomax_tm15621,Brief Encounter,Movie,HBO Max,David Lean,"Celia Johnson, Trevor Howard, Stanley Holloway, Joyce Carey",GB,1945-01-01,1945,,86.0,drama,"Returning home from a shopping trip to a nearby town, bored suburban housewife Laura Jesson is thrown by happenstance into an acquaintance with virtuous doctor Alec Harvey. Their casual friendship soon develops during their weekly visits into something more emotionally fulfilling than either expected, and they must wrestle with the potential havoc their deepening relationship would have on their lives and the lives of those they love.",8.0
hbomax_tm97455,Fair Game,Movie,HBO Max,Doug Liman,"Naomi Watts, Sean Penn, Sam Shepard, Noah Emmerich",US,2010-01-01,2010,PG-13,108.0,drama,"Wife and mother Valerie Plame has a double life as a CIA operative, hiding her vocation from family and friends. Her husband, Joseph Wilson, writes a controversial article in The New York Times, refuting stories about the sale of enriched uranium to Iraq, Then Valerie's secret work and identity is leaked to the press. With her cover blown and other people endangered, Valerie's career and personal life begin to unravel.",6.8
prime_s4305,We Were Children,Movie,Prime Video,Tim Wolochatiuk,"Rene Batson, Taya Ayotte Bourns, Alice Dano, Justin Ducharme",Canada,,2012,13+,83.0,Drama,"As young children, Lyna and Glen were taken from their homes and placed in church-run boarding schools. The trauma of this experience was made worse by years of untold physical, sexual and emotional abuse, the effects of which persist in their adult lives. The profound impact of the Canadian government's residential school system is conveyed unflinchingly through their eyes.",
hbomax_tm77588,Casablanca,Movie,HBO Max,Michael Curtiz,"Humphrey Bogart, Ingrid Bergman, Paul Henreid, Claude Rains",US,1943-01-01,1943,PG,102.0,drama,"In Casablanca, Morocco in December 1941, a cynical American expatriate meets a former lover, with unforeseen complications.",8.5
disney_ts128555,United States of Animals,TV Show,Disney+,,,US,2016-01-01,2016,TV-PG,1.0,documentation,"The United States of Animals is your guide to amazing animals doing incredible things around the country. Showcasing the best and most accessible wildlife and revealing secrets behind the fascinating things that animals do, this field guide shows you where and when to go, and what to look for to help you become the wildlife expert you have always dreamed of being.",6.4
hbomax_tm107470,East of Eden,Movie,HBO Max,Elia Kazan,"James Dean, Julie Harris, Raymond Massey, Richard Davalos",US,1955-01-01,1955,PG,115.0,romance,"In the Salinas Valley in and around World War I, Cal Trask feels he must compete against overwhelming odds with his brother for the love of their father. Cal is frustrated at every turn, from his reaction to the war, how to get ahead in business and in life, and how to relate to his estranged mother.",7.8
prime_s909,Star Trek: Deep Space Nine,TV Show,Prime Video,,"Avery Brooks, Nana Visitor, Colm Meany, Rene Auberjonoi, Armin Shimerman, Cirroc Lofton, Michael Dorn, Alexander Siddig",,,1999,TV-PG,7.0,Drama,The mixed Deep Space Nine crew of Federation and Bajoran officers winds up the seventh and final season of the show with suspenseful episodes that try to pull together all the plot threads (or at least the biggest ones).,
netflix_s5269,Jerry Before Seinfeld,Movie,Netflix,Michael Bonfiglio,Jerry Seinfeld,United States,2017-09-19,2017,TV-14,62.0,Stand-Up Comedy,"Jerry Seinfeld returns to the club that gave him his start in the 1970s, mixing iconic jokes with stories from his childhood and early days in comedy.",
netflix_s1492,AK vs AK,Movie,Netflix,Vikramaditya Motwane,"Anil Kapoor, Anurag Kashyap",India,2020-12-25,2020,TV-MA,109.0,Comedies,"After a public spat with a movie star, a disgraced director retaliates by kidnapping the actor’s daughter, filming the search for her in real time.",
prime_s3022,Blue Hawaii,Movie,Prime Video,Norman Taurog,"Elvis Presley, Joan Blackman, Angela Lansbury, Nancy Walters, Roland Winters",,,1961,PG,101.0,Arts,"After arriving back in Hawaii from the Army, Chad Gates (Elvis Presley) defies his parents' wishes for him to work at the family business and instead goes to work as a tour guide at his girlfriend's agency.",
hbomax_tm257,A Woman of Paris: A Drama of Fate,Movie,HBO Max,Charlie Chaplin,"Edna Purviance, Clarence Geldart, Carl Miller, Lydia Knott",US,1923-01-01,1923,,78.0,drama,"When Marie St. Clair believes she has been jilted by her artist fiance Jean, she decides to leave for Paris on her own. After spending a year in the city as a mistress of the wealthy Pierre Revel, she is reunited with Jean by chance. This leaves her with the choice between a glamorous life in Paris, and the true love she left behind.",6.9
hbomax_tm192569,Princess Mononoke,Movie,HBO Max,Hayao Miyazaki,"Youji Matsuda, Yuriko Ishida, Yūko Tanaka, Kaoru Kobayashi",JP,1997-01-01,1997,PG-13,134.0,action,"Ashitaka, a prince of the disappearing Emishi people, is cursed by a demonized boar god and must journey to the west to find a cure. Along the way, he encounters San, a young human woman fighting to protect the forest, and Lady Eboshi, who is trying to destroy it. Ashitaka must find a way to bring balance to this conflict.",8.4
hbomax_tm100035,Captain Kidd's Kids,Movie,HBO Max,Hal Roach,"Harold Lloyd, Bebe Daniels, Harry 'Snub' Pollard, Fred C. Newmeyer",US,1919-01-01,1919,,20.0,comedy,"After a wild bachelor party, our hero finds himself aboard a sailing vessel where he encounters numerous adventures. In a dream sequence, he fantasizes that the ship is seized by a band of female pirates.",
hbomax_tm114838,The Fly,Movie,HBO Max,David Cronenberg,"Jeff Goldblum, Geena Davis, John Getz, Joy Boushel",CA,1986-01-01,1986,R,96.0,horror,"When Seth Brundle makes a huge scientific and technological breakthrough in teleportation, he decides to test it on himself. Unbeknownst to him, a common housefly manages to get inside the device and the two become one.",7.6
disney_tm58414,Water Birds,Movie,Disney+,Ben Sharpsteen,Winston Hibler,US,1952-01-01,1952,,30.0,documentation,"Water Birds is a 1952 short documentary film directed by Ben Sharpsteen. The film delves into the still waters of lagoons and marshes to the wild blue wilderness of the vast oceans, to experience the beauty and variety of their majestic birds, each perfectly designed for its habitat. It won the Oscar for Best Short Subject, Two-Reel.",
netflix_s1056,Zoot Suit,Movie,Netflix,Luis Valdez,"Daniel Valdez, Edward James Olmos, Charles Aidman, Tyne Daly, John Anderson, Abel Franco, Mike Gomez, Francis X. McCarthy, Alma Martínez, Lupe Ontiveros, Tony Plana",United States,2021-04-15,1981,R,103.0,Cult Movies,"In this drama based on a 1940s trial, the members of a Mexican American gang are sentenced to San Quentin for a murder they may not have committed.",
netflix_s6035,A Family Man,Movie,Netflix,Mark Williams,"Gerard Butler, Gretchen Mol, Alison Brie, Willem Dafoe, Alfred Molina, Maxwell Jenkins, Anupam Kher, Dustin Milligan",Canada,2019-12-15,2016,R,110.0,Dramas,A ruthless corporate headhunter battles his rival for a promotion while dealing with a family crisis that threatens to derail his career.,
netflix_s4569,Happy Go Lucky,Movie,Netflix,Amarpreet G S Chabbra,"Amrinder Gill, Harish Verma, Sumeet Sandhu, Gurpreet Guggi, B.N. Sharma, Praneet Bhatt, Kuldeep Sharma",India,2018-10-01,2014,TV-14,129.0,Comedies,"Three sisters seem to be ideal brides for three brothers. But when the girls' father won't allow the marriages, the boys use trickery to pull it off.",
prime_s3284,American Experience: The Race Underground,Movie,Prime Video,Michael Rossi,Michael Murphy,,,2017,13+,54.0,Documentary,"In the late 19th century, as America's teeming cities grew increasingly congested, the time had come to replace the nostalgic horse-drawn trolleys with a faster, cleaner, safer, and more efficient form of transportation. Based in part on Doug Most's acclaimed non-fiction book of the same name, The Race Underground tells the dramatic story of an invention that changed the lives of millions.",
prime_s1617,Moone Boy,TV Show,Prime Video,,"Chris O'Dowd, Steve Coogan, Johnny Vegas, David Rawle",,,2015,TV-14,3.0,Comedy,The third season of the hilariously funny and warm comedy based on Chris O' Dowd's life growing up in 1980's Ireland.,
hbomax_tm228664,The Leisure Class,Movie,HBO Max,Jason Mann,"Ed Weeks, Bridget Regan, Tom Bell, Melanie Zanetti",US,2015-01-01,2015,,81.0,comedy,A man attempts to marry into a wealthy family.,3.9
prime_s4802,Tall Tales from the Magical Garden of Antoon Krings,Movie,Prime Video,"Arnaud Bouron, Antoon Krings","Kate Mara, Justin Long",,,2019,PG,88.0,Kids,"When his beloved Queen bee Marguerite (Kate Mara) is kidnapped, vagabond cricket Apollo (Justin Long) who has been framed for the crime, teams up with the other bugs to save the Queen and the entire kingdom!",
netflix_s7497,Monster High: Ghouls Rule,Movie,Netflix,"Mike Fetterly, Steve Sacks","Laura Bailey, Hank Banks, Cam Clarke, Erin Fitzgerald, Dee Dee Green, Kate Higgins, Andrew Duncan",United States,2018-03-01,2012,TV-Y7,71.0,Children & Family Movies,"After learning that monsters and ""Normies"" used to spend Halloween together, Frankie Stein and her pals rally both groups for a frightfully good time.",
hbomax_tm54582,The Prince of Magicians,Movie,HBO Max,Georges Méliès,Georges Méliès,FR,1901-01-01,1901,,2.0,comedy,"A magician does tricks with the aid of his assistant, the Human Pump.",
prime_s7681,Sankarabharanam,Movie,Prime Video,Uday Nandanavanam,"Nikhil Siddharth, Nanditha Raj, Anjali",,,2015,13+,153.0,Comedy,"When a man from America goes to India to sell a palace he inherited, he is kidnapped and passed from gang to gang for an increasing ransom.",
disney_tm126783,One Magic Christmas,Movie,Disney+,Phillip Borsos,"Mary Steenburgen, Gary Basaraba, Elisabeth Harnois, Arthur Hill",US,1985-01-01,1985,G,88.0,fantasy,"Ginny Grainger, a young mother, rediscovers the joy and beauty of Christmas, thanks to the unshakable faith of her six-year-old daughter Abbie and Gideon, Ginny's very own guardian angel.",6.4
prime_s1766,MAGICAL GIRL SITE,TV Show,Prime Video,,"Yūko Ōno, Himika Akaneya, Aina Suzuki, Yū Serizawa, Haruka Yamazaki",,,2018,NR,1.0,TV Shows,"It seems only the unfortunate can stumble across this site.That is why they were chosen.Without any place to call her own, Aya only thinks about dying.Bullied at school and abused by her own brother at home.",
prime_s8728,Act 5 - Series 1,TV Show,Prime Video,,1,,2021-09-17,2021,ALL,3.0,Action,1,
hbomax_tm189175,Fantastic Planet,Movie,HBO Max,René Laloux,"Gérard Hernandez, Jean Valmont, Jennifer Drake, Yves Barsacq",FR,1973-01-01,1973,PG,72.0,animation,"On the planet Ygam, the Draags, extremely technologically and spiritually advanced blue humanoids, consider the tiny Oms, human beings descendants of Terra's inhabitants, as ignorant animals. Those who live in slavery are treated as simple pets and used to entertain Draag children; those who live hidden in the hostile wilderness of the planet are periodically hunted and ruthlessly slaughtered as if they were vermin.",7.7
prime_s3026,Blood On The Sun,Movie,Prime Video,Frank Lloyd,Peng Tien,,,1974,R,94.0,Action,"Based on a true story, James Cagney stars as an American reporter in pre-war Japan in this riveting, brutal, action-packed film tracing the unintended unveiling of the dreaded Tanaka Plan for Japanese world domination. Cagney, given a purloined copy of the plan, is pursued by a beautiful Japanese secret agent (Sylvia Sidney) sent to romance and ensnare him before he can get it to the American Embassy and into the world press.",
netflix_s2532,Dilan 1990,Movie,Netflix,"Fajar Bustomi, Pidi Baiq","Vanesha Prescilla, Iqbaal Ramadhan, Debo Andryos, Giulio Parengkuan, Omara Esteghlal, Yoriko Angeline, Zulfa Maharani, Brandon Salim",Indonesia,2020-05-14,2018,TV-14,109.0,Dramas,"At a Bandung high school, charming and rebellious Dilan vies for the affections of shy new student Milea.",
hbomax_tm139142,Daredevil,Movie,HBO Max,Mark Steven Johnson,"Ben Affleck, Jennifer Garner, Colin Farrell, Michael Clarke Duncan",US,2003-01-01,2003,PG-13,103.0,fantasy,A man blinded in a childhood accident fights crime using his superhumanly-elevated remaining senses.,5.3
netflix_s2949,The Pharmacist,TV Show,Netflix,"Julia Willoughby Nason, Jenner Furst",,United States,2020-02-05,2020,TV-MA,1.0,Crime TV Shows,"After his son's tragic death, a Louisiana pharmacist goes to extremes to expose the rampant corruption behind the opioid addiction crisis.",
netflix_s8191,The Angry Birds Movie 2,Movie,Netflix,"Thurop Van Orman, John Rice","Jason Sudeikis, Rachel Bloom, Leslie Jones, Josh Gad, Bill Hader, Danny McBride, Awkwafina, Sterling K. Brown, Tiffany Haddish, Eugenio Derbez",Finland,2020-02-27,2019,PG,97.0,Children & Family Movies,Enemies turn into frenemies when the Pigs call for a truce with the Birds to unite against a formidable new foe that’s threatening all of their homes.,
netflix_s2253,Your Excellency,Movie,Netflix,Funke Akindele,"Akin Lewis, Funke Akindele, Kemi Lala Akindoju, Shaffy Bello, Kunle Coker, Eku Edewor, Alexx Ekubo, Osas Ighodaro Ajibade, Seyi Law, Falz, Chigul, Deyemi Okanlawon, Beverly Osu, Toni Tones, Christian Paul, Bimbo Manuel, Helen Paul",,2020-07-10,2019,TV-G,120.0,Comedies,"Bumbling through politics, a billionaire businessman's presidential campaign seems destined for disaster until it gets a boost from social media.",
netflix_s7509,Moonwalkers,Movie,Netflix,Antoine Bardou-Jacquet,"Ron Perlman, Rupert Grint, Robert Sheehan, Stephen Campbell Moore, Eric Lampaert, Kevin Bishop, Tom Audenaert, Erika Sainte",France,2017-09-08,2015,R,96.0,Action & Adventure,"A brain-addled war vet, a failing band manager and a Stanley Kubrick impersonator help the CIA construct an epic scam by faking the 1969 moon landing.",
netflix_s8750,Winter Sun,TV Show,Netflix,,"Şükrü Özyıldız, Aslı Enver, Şenay Gürler, Başak Parlak, Mahir Günşiray, Hakan Boyav, Hakan Gerçek, Berrak Kuş, Gamze Süner Atay, Mehmet Esen",Turkey,2017-08-01,2014,TV-MA,1.0,International TV Shows,"Years after ruthless businessmen kill his father and order the death of his twin brother, a modest fisherman adopts a new persona to exact revenge.",
hbomax_ts224077,To Your Eternity,TV Show,HBO Max,,"Reiji Kawashima, Kenjiro Tsuda, Eri Inagawa, Rie Hikisaka",JP,2021-01-01,2021,TV-MA,2.0,action,"In the beginning, an ""orb"" is cast unto Earth. ""It"" can do two things: change into the form of the thing that stimulates ""it""; and come back to life after death. ""It"" morphs from orb to rock, then to wolf, and finally to boy, but roams about like a newborn who knows nothing. As a boy, ""it"" becomes Fushi. Through encounters with human kindness, Fushi not only gains survival skills, but grows as a ""person"". But his journey is darkened by the inexplicable and destructive enemy Nokker, as well as cruel partings with the people he loves.",8.5
netflix_s842,Gatao - The Last Stray,Movie,Netflix,Ray Jiang,"Cheng Jen-shuo, Nikki Hsieh, Jack Kao, Lung Shao-hua, Alan Kuo, Alex Ko, Huang Shang-ho, Gary Tang, Chang Zhang-xing, Panda Wu, Samuel Ku, Justin Sheng",,2021-05-26,2021,TV-MA,120.0,Action & Adventure,Romance unexpectedly blossoms when a freelance photographer arrives late to her assignment at a full moon celebration thrown for a mob boss's newborn.,
netflix_s38,Angry Birds,TV Show,Netflix,,"Antti Pääkkönen, Heljä Heikkinen, Lynne Guaglione, Pasi Ruohonen, Rauno Ahonen",Finland,2021-09-16,2018,TV-Y7,1.0,Kids' TV,"Birds Red, Chuck and their feathered friends have lots of adventures while guarding eggs in their nest that pesky pigs keep trying to steal.",
prime_s5153,Honesty Weekend,Movie,Prime Video,Leslie Thomas,"Adam Bartley, Natalie Ceballos, Dioni Michelle Collins, Sabina Gadecki, Pete Ploszek, Evan Watkins, Allan Wasserman, Lorraine Pascale, Susan Walter",,,2021,18+,89.0,Comedy,"A young couple on the rocks is prescribed a weekend of total honesty to turn their marriage around. When their rambunctious group of friends joins them for a getaway, the good, the bad, and the hilarious comes out in a way that only long-time friends can reveal. This no-holds-barred weekend of truth-telling, fun, and chaos may not have been the best idea.",
prime_s4416,Jana,Movie,Prime Video,Shaji Kailas,"Ajith Kumar, Sneha, Raghuvaran, Manivannan",,,2004,ALL,161.0,Action,"Jana always stands for his villagers, against the atrocities committed by Veerapandi. Manimegalai, Veerapandi's daughter, falls in love with Jana, but is stunned when she learns about his past life.",
netflix_s8774,Yanda Kartavya Aahe,Movie,Netflix,Kedar Shinde,"Ankush Choudhary, Smita Shewale, Mohan Joshi, Atmaram Bhende, Asha Bhende",India,2018-01-01,2006,TV-PG,151.0,Comedies,"Thanks to an arranged marriage that was designed to make an ailing grandmother happy, newlyweds Rahul and Swati are virtually strangers. Can a four-day honeymoon make a difference when it comes to the couple's feelings about each other?",
disney_ts42209,The Lion Guard,TV Show,Disney+,,"Dusan Brown, Joshua Rush, Max Charles, Atticus Shaffer",US,2016-01-01,2016,TV-G,3.0,family,"Simba's son, Kion, assembles a group of animals to protect the Pride Lands, known as the Lion Guard.",6.4
prime_s762,The Angry Red Planet,Movie,Prime Video,Ib Melchior,"Gerald Mohr, Nora Hayden",,,1960,13+,83.0,Science Fiction,"A science-fiction tale of an expedition to the ""angry red planet"" of Mars...running into all sorts of alien terrors, including unfriendly Martian plants and a terrifying kind of giant mouse/spider hybrid.",
hbomax_ts21776,Teen Titans,TV Show,HBO Max,,"Greg Cipes, Scott Menville, Khary Payton, Tara Strong",US,2003-01-01,2003,TV-Y7,5.0,action,"The Teen Titans are five heroes under one roof. Their names: Robin, Starfire, Raven, Cyborg, and Beast Boy They live in a large tower in the shape of a T that they call Titan Tower. No secret identities. No school. Just superheroes being superheroes. They must go up against their arch nemesis, Slade, and his evil minions. What he really plans to do is unknown but one thing's for sure... he's an evil madman.",7.9
netflix_s6746,Feel Rich,Movie,Netflix,Peter Spirer,"Quincy Jones, Common, Russell Simmons, Fat Joe, Paul Wall, Quincy Jones III",United States,2017-08-23,2017,TV-MA,70.0,Documentaries,"Talking squarely to the hip-hop generation, musicians, athletes and others outline the benefits of exercise, a healthy diet and spiritual wellness.",
disney_ts307165,Life Below Zero: First Alaskans,TV Show,Disney+,,,US,2022-01-01,2022,TV-14,2.0,documentation,"Follows Alaskan Natives who are focusing on their right to preserve their threatened ways of life, to ensure its survival for the next thousand years.",8.0
netflix_s683,Why Are You Like This,TV Show,Netflix,,"Naomi Higgins, Olivia Junkeer, Wil King",Australia,2021-06-19,2021,TV-MA,1.0,International TV Shows,"Three best friends negotiate work, fun, identity politics, hookups and wild nights out in this razor-sharp satire of 20-something life in Melbourne.",
prime_s8616,Tugged,TV Show,Prime Video,,"Liam Gist, Zakiya Mathews, Ashley Mathaw, Chelley Chelle",,,2021,18+,1.0,Drama,"Bree takes her first breath as a free woman as she is released from serving her sentence for credit card fraud after the 2020 Pandemic in Los Angeles. She took charges for her Boyfriend Shaun, who was late to pick her up. Once a Bonnie & Clyde kind of love, now, they fight and fuss at each other after losing everything, both of them are holding on to grudges and pain.",
prime_s4808,Halloween Party,Movie,Prime Video,Jay Dahl,"Amy Groening, T. Thomason, Marietta Laan, Shelley Thompson, Jeremy Akerman, Zach Faye, Scott Bailey, Taylor Olson, Murlane Carew, Jason Daley",,,2020,,93.0,Drama,"When her best friend dies mysteriously, college student Grace enlists a talented I.T. student, Spencer, to help her investigate. The two soon discover that the school has a terrible secret - their dorm rooms were once used as a hospice to house dying patients, including The Balloon Babies, monstrously disfigured teens who wore masks twenty-four seven for ""The Halloween Party.""",
netflix_s8034,Sky on Fire,Movie,Netflix,Ringo Lam,"Daniel Wu, Joseph Chang, Amber Kuo, Zhang Jingchu, Ruoyun Zhang",China,2017-08-05,2016,TV-MA,100.0,Action & Adventure,The security chief at a top-level medical facility must fight to ensure that revolutionary cancer research doesn't fall into the wrong hands.,
netflix_s8678,Vikings Unearthed,Movie,Netflix,Harvey Lilley,Eric Meyers,United States,2017-03-01,2016,TV-PG,113.0,Documentaries,Archaeologist Sarah Parcak follows clues to early Viking explorations and discusses just what these notoriously fierce warriors were really like.,
prime_s97,Wildlike,Movie,Prime Video,Frank Hall Green,"Bruce Greenwood, Ella Purnell, Brian Geraghty",,,2021,16+,104.0,Action,"An unlikely friendship forms in the spectacular Alaskan wilderness, giving a runaway girl hope and sanctuary in America's last frontier.",
netflix_s8145,Taal,Movie,Netflix,Subhash Ghai,"Anil Kapoor, Aishwarya Rai Bachchan, Akshaye Khanna, Amrish Puri, Alok Nath, Mita Vasisht, Saurabh Shukla, Supriya Karnik",India,2018-03-01,1999,TV-PG,177.0,Dramas,"Businessman Manav falls for aspiring singer Mansi, but their romance faces an uphill climb when Manav must depart and Mansi's suave manager moves in.",
disney_ts57318,Animal Fight Night,TV Show,Disney+,,,GB,2013-01-01,2013,TV-PG,6.0,documentation,"Featuring battles between some of the biggest and baddest fighters of the animal kingdom and some of the most surprising, revealing the extraordinary motivations and strategies that fuel each incredible brawl.",6.7
prime_s2359,Ghost Hour,Movie,Prime Video,Nils Skapāns,,,,2014,ALL,7.0,Kids,"Just like every other night, the ghost goes out to haunt and spook every one. Just like every other night,the little girl has to eat the healthy porridge that she doesn't like. And this time it so happens that the girl and the ghost meet, and the girl doesn't really want to be afraid of the ghost. So, they can't do anything but laugh about misunderstandings and... become friends.",
netflix_s4271,LAST HOPE,TV Show,Netflix,,"Tomoaki Maeno, Kana Hanazawa, Kenjiro Tsuda, Nao Toyama, Yuma Uchida, Unsho Ishizuka, Yuuichirou Umehara, Ai Kayano",Japan,2018-12-21,2018,TV-14,2.0,Anime Series,"After causing the near extinction of mankind seven years ago, genius scientist Leon Lau must now fight the ecological disaster he unwittingly created.",
netflix_s2719,Community,TV Show,Netflix,,"Ken Jeong, Jim Rash, Donald Glover, Joel McHale, Gillian Jacobs, Danny Pudi, Alison Brie, Chevy Chase, Yvette Nicole Brown",United States,2020-04-01,2015,TV-14,6.0,TV Comedies,"When his degree is found bogus, lawyer Jeff Winger is sent back to college, where he meets students and teachers with credentials as dubious as his.",
disney_tm108880,The Hunchback of Notre Dame,Movie,Disney+,"Gary Trousdale, Kirk Wise","Tom Hulce, Demi Moore, Heidi Mollenhauer, Tony Jay",US,1996-01-01,1996,G,91.0,drama,"At the urging of his gargoyle pals, Quasimodo leaves Notre Dame tower against the wishes of his guardian, the evil Judge Claude Frollo. He ventures out to the Festival of Fools and finds his first true friend, a Romani woman named Esmeralda, who entrusts him with a secret. When the secret is revealed, Quasi soon finds himself fighting to save the people and city he loves.",7.0
netflix_s5767,Fall in Love with Me,TV Show,Netflix,,"Aaron Yan, Tia Lee, Jack Lee, Katherine Wang, Beatrice Fang, Vince Kao, Chen Bor Jeng",Taiwan,2016-10-01,2014,TV-14,1.0,International TV Shows,The head of a struggling ad agency finds herself torn between a hotshot executive and a kind stranger – not realizing they're the same person.,
prime_s5759,White Blessing,Movie,Prime Video,Janchivdorj Sengedorj,"Jinjmaa, Bazarragchaa Logo, Batmend Baast",,,2017,16+,105.0,Drama,This film is based on a real-life event of Sumiya Dorjsuren who competes in the 57 kg and ranks world number one judoka according to the Olympic ranking qualification in Rio Olympics 2016. The film has attracted many actual life events of Sumiya Dorjsuren including happy and sad moments but it will conclude with her competing in the Olympics and hoping that she'd be successful.,
prime_s1088,Scenic Walks Around the World,TV Show,Prime Video,,Michael Lumsden,,,2008,ALL,1.0,TV Shows,"Reader's Digest takes you to the world's most unique places of natural beauty best captured on foot. This exhilarating collection ventures off the beaten path to witness sights tourists seldom see, sights you will never forget, and will want to revisit again and again!",
prime_s6694,Burning Plain,Movie,Prime Video,Guillermo Arriaga,"Charlize Theron, Kim Basinger, Jennifer Lawrence, Jose Maria Yazpik, Joaquim de Almeida, Tessa Ia, Diego J. Torres, J.D. Pardo, Danny Pino, magnolia, Magnolia",,,2009,R,107.0,Arthouse,"From writer/director Guillermo Arriaga comes THE BURNING PLAIN, a romantic mystery about a woman on the edge who takes an emotional journey back to the defining moment of her life. Oscar-winner Charlize Theron plays Sylvia, a beautiful restaurant manager whose cool, professional demeanor masks the sexually charged storm within. When a stranger from Mexico confronts her with her mysterious past, Sylvia is launched into a journey through space and time that inextricably connects her to these disparate characters, all of whom are grappling with their own romantic destinies. In Mexico, a young motherless girl, Maria (Tessa Ia), lives happily with her father and his best friend until a tragic accident changes it all. In the New Mexico border town of Las Cruces, two teenagers, Mariana (Jennifer Lawrence) and Santiago (JD Pardo), find love in the aftermath of their parents' sudden deaths. In an abandoned trailer, a housewife, Gina (Oscar-winner Kim Basinger), embarks on a passionate affair that will put Sylvia and the others on a collision course with the explosive power of forbidden love.",
netflix_s2922,Narcos: Mexico,TV Show,Netflix,,"Michael Peña, Diego Luna, Tenoch Huerta, Joaquin Cosio, José María Yazpik, Matt Letscher, Alyssa Diaz",Mexico,2020-02-13,2020,TV-MA,2.0,Crime TV Shows,"Witness the birth of the Mexican drug war in the 1980s as a gritty new ""Narcos"" saga chronicles the true story of the Guadalajara cartel's ascent.",
netflix_s6703,Equals,Movie,Netflix,Drake Doremus,"Nicholas Hoult, Kristen Stewart, Jacki Weaver, Guy Pearce, Rebecca Hazlewood, Scott Lawrence, Kai Lennox, Rizwan Manji",United States,2018-10-28,2015,PG-13,102.0,Dramas,Two young lovers depart from the norm simply by having romantic feelings for each other in a society where humans have been relieved of all emotions.,
disney_tm1016993,The Hidden Kingdoms of China,Movie,Disney+,Ben Wallis,Michelle Yeoh,CN,2020-01-01,2020,PG,88.0,documentation,"THE HIDDEN KINGDOMS OF CHINA takes audiences into the secret wilds of China to reveal the beauty of its hidden kingdoms. With unique access to locations across the country, viewers go on a journey through these magical realms, exploring five very different worlds. ""Stars"" of these kingdoms include iconic and charismatic animals, sharing their worlds with other fascinating creatures.",6.9
prime_s2767,Crazy for Christmas,Movie,Prime Video,Eleanore Lindo,"Andrea Roth, Howard Hesseman",,,2005,7+,89.0,Comedy,"On Christmas Eve, Shannon McManus (Andrea Roth) is stuck driving around a wealthy and eccentric client (Howard Hesseman) who is giving away large sums of money with the secret hope of reuniting with his long lost daughter.",
prime_s15,Elon Musk: The Real Life Iron Man,Movie,Prime Video,Sonia Anderson,"Elon Musk, Per Wimmer, Julie Anderson-Ankenbrandt, Cary Cooper",United Kingdom,2021-05-02,2018,,74.0,Documentary,"Discover the meteoric rise of Elon Musk, the man who is transforming the way we think about travel technology through electric cars, the Hyperloop, and revolutionary ideas on how we live through artificial intelligence and colonizing Mars.",
hbomax_tm13007,Whimsical Illusions,Movie,HBO Max,Georges Méliès,"Georges Méliès, Manuel",FR,1909-01-01,1909,,5.0,fantasy,"In this hand-colored short, a magician and his assistant do a series of magic tricks, including making potted plants appear, among others. Melies played the magician, and the actor Manuel played his assistant.",
disney_tm1237450,Marvel Studios Assembled: The Making of Ms. Marvel,Movie,Disney+,Brad Baruh,"Bisha K. Ali, Iman Vellani, Kevin Feige, Mohan Kapur",US,2022-01-01,2022,PG-13,62.0,documentation,"Go behind-the-scenes every step of the way with immersive footage from the making of the series, along with insightful interviews on set from the cast and crew of Ms. Marvel as we watch Iman Vellani and her character, Kamala Khan, become the fan-favorite superhero right before our eyes.",
netflix_s8578,This Was Tomorrow,Movie,Netflix,Wim Bonte,,Belgium,2015-12-15,2015,NR,77.0,Documentaries,"The Tomorrowland music festival marks its 10th anniversary in Belgium, the U.S. and Brazil, with all the diverse excitement of the annual event.",
netflix_s5675,Merlin,TV Show,Netflix,James Hawes,"Colin Morgan, Bradley James, Katie McGrath, Angel Coulby, Richard Wilson, Anthony Head, John Hurt, Nathaniel Parker",United Kingdom,2016-12-15,2012,TV-PG,5.0,British TV Shows,"This family-oriented retelling of the King Arthur legend finds Merlin arriving in Camelot, where he hones his magic skills with the help of his uncle.",
netflix_s7367,Macchli Jal Ki Rani Hai,Movie,Netflix,Debaloy Dey,"Swara Bhaskar, Bhanu Uday, Murli Sharma, Deep Raj Rana, Reema Debnath, Hemant Pandey, Saurabh Dubey, Sakha Kalyani",India,2017-10-15,2014,TV-MA,118.0,Horror Movies,"After relocating to a different town with her husband, a housewife begins to sense the existence of a mysterious presence in their new house.",
netflix_s6652,"Drugs, Inc.",TV Show,Netflix,,Mike Secher,United States,2019-03-23,2015,TV-MA,1.0,Crime TV Shows,"This absorbing documentary series follows the entire supply chain of the illicit drug trade, tracing its production, export, sale and consumption.",
prime_s4722,Night of a Lone Owl,Movie,Prime Video,Galina Salgarelli,"Olga Pogodina, Andrey Chernyishov, Tatyana Kravchenko, Andrey Gradov, Anna Antonova, Ivan Kozhevnikov, Pavel Remezov, Mikhail Khimichev, Elena Dubrovskaya, Zakhar Ronzhin",,,2011,13+,90.0,Comedy,"Once before the New Year, the restaurant owner Vadim unexpectedly comes with inspection. Being in a bad temper, he dismisses Anya, the chef, who a soul of the entire restaurant. As a result, the New Year's corporate event planned for this evening turns into a farewell to the favourite chef. But the biggest surprise waiting for them at midnight in the cottage which they'll arrive to for the party.",
prime_s5404,Camino a Bali,Movie,Prime Video,Hal Walker,"Bing Crosby, Bob Hope, Dorothy Lamour",,,1973,7+,91.0,Action,"Two unemployed show-biz pals accept treasure-diving work in Bali for a local princess and they find treasure, love and trouble.",
netflix_s510,Ask the StoryBots,TV Show,Netflix,,"Judy Greer, Erin Fitzgerald, Fred Tatasciore, Jeff Gill, Gregg Spiridellis, Evan Spiridellis",United States,2021-07-06,2019,TV-Y,3.0,Kids' TV,"Five curious little creatures track down the answers to kids' biggest questions, like how night happens or why we need to brush our teeth.",
netflix_s7922,Saheb Bibi Golaam,Movie,Netflix,Pratim D. Gupta,"Anjan Dutt, Swastika Mukherjee, Ritwick Chakraborty, Parno Mittra, Bikram Chatterjee, Sohag Sen, Sumanta Mukherjee, Arun Mukhopadhyay",India,2017-01-01,2016,TV-MA,118.0,Dramas,"A charming cabbie, a cop turned assassin and a housewife who’s also a hooker share one thing in common: a bizarre and violent afternoon in Kolkata.",
netflix_s4354,Death by Magic,TV Show,Netflix,,Drummond Money-Coutts,United States,2018-11-30,2018,TV-PG,1.0,Reality TV,"Magician Drummond Money-Coutts travels the globe, sharing his infectious love of his craft and attempting feats that proved fatal to other magicians.",
netflix_s7943,Satrangi,TV Show,Netflix,,Deepali Sahay,,2017-04-01,2014,TV-PG,1.0,Docuseries,Young musicians from 13 states in India demonstrate their cultural heritage by performing regional folk music using traditional instruments.,
netflix_s3482,Bard of Blood,TV Show,Netflix,,"Emraan Hashmi, Viineet Kumar, Sobhita Dhulipala, Jaideep Ahlawat, Kirti Kulhari, Sohum Shah, Rajit Kapoor, Danish Hussain",India,2019-09-27,2019,TV-MA,1.0,International TV Shows,"Years after a disastrous job in Balochistan, a former Indian spy must confront his past when he returns to lead an unsanctioned hostage-rescue mission.",
netflix_s2145,GAME ON: A Comedy Crossover Event,TV Show,Netflix,,"Loretta Devine, Tia Mowry-Hardrict, Anthony Alabi, Paul Wight, Allison Munn, Gabriel Iglesias, Sherri Shepherd, Paulina Chávez, Jencarlos Canela",United States,2020-08-10,2020,TV-G,1.0,Kids' TV,"Worlds collide in this special event featuring familiar faces, surprise cameos and stories of spirited competition from four different comedy series.",
prime_s1035,Sharknado 4: The 4th Awakens,Movie,Prime Video,Anthony C. Ferrante,"Ian Ziering, Tara Reid, David Hasselhoff, Gary Busey, Tommy Davidson, Cody Linley, Imani Hakim",United States,,2016,13+,85.0,Action,"Five years after the wave of sharknados that wracked the east coast, our heroes are living a quiet life in the middle of the country – as far away from sharks as possible. But when a freak sand sharknado hits Vegas, Fin is thrown back into action, fighting sharknados on a cross-country race to save his family and the world – as all mankind should know by now, there is no escaping...",
netflix_s1350,"Pablo Escobar, el patrón del mal",TV Show,Netflix,,"Andrés Parra, Angie Cepeda, Cecilia Navia, Vicky Hernández, Christian Tappan, Rodolfo Silva, Tommy Vásquez, Toto Vega, Nicolás Montero, Marcela Gallego",Colombia,2021-02-03,2012,TV-MA,1.0,Crime TV Shows,"From his days as a petty thief to becoming head of a drug-trafficking empire, this riveting series charts the life of the infamous Pablo Escobar.",
prime_s1156,Rickover: The Birth of Nuclear Power,Movie,Prime Video,Michael Pack,Tim Blake Nelson,,,2014,,115.0,Documentary,"Admiral Hyman G. Rickover was a flamboyant maverick and a unique American hero. When few thought it possible, then-Captain Rickover harnessed the power of the atom, ultimately transforming the Navy and changing the course of America's technological development.",
netflix_s7971,Secrets of Althorp - The Spencers,Movie,Netflix,Kasia Uscinska,Samuel West,United States,2017-04-22,2013,TV-PG,54.0,Documentaries,"Princess Diana's brother, Charles, the ninth Earl Spencer, leads a tour of Althorp House, the manor the Spencer family has called home for 500 years.",
hbomax_tm65430,Ikiru,Movie,HBO Max,Akira Kurosawa,"Takashi Shimura, Haruo Tanaka, Nobuo Kaneko, Bokuzen Hidari",JP,1952-01-01,1952,,143.0,drama,"Kanji Watanabe is a middle-aged man who has worked in the same monotonous bureaucratic position for decades. Learning he has cancer, he starts to look for the meaning of his life.",8.3
netflix_s6424,Carrie,Movie,Netflix,Brian De Palma,"Sissy Spacek, Piper Laurie, Amy Irving, William Katt, John Travolta, Nancy Allen, Betty Buckley, P.J. Soles, Priscilla Pointer, Sydney Lassick, Stefan Gierasch, Michael Talbott, Doug Cox, Harry Gold, Noelle North",United States,2019-06-01,1976,R,98.0,Classic Movies,"An outcast teen with telekinetic ability lashes out with her deadly power when the high school ""in crowd"" torments her with a sick joke at the prom.",
prime_s4114,The Dark Valley,Movie,Prime Video,Andreas Prochaska,"Sam Riley, Tobias Moretti, Helmuth Hausler, Paula Beer, Clemens Schick",,,2014,13+,115.0,Suspense,"A mysterious stranger arrives in a snow capped Austrian mountain village claiming to be a travelling photographer from America, yet is in fact an embittered gunfighter on a mission of vengeance.",
prime_s3827,Little Red Wagon,Movie,Prime Video,David Anspaugh,"Chandler Canterbury, Anna Gunn, Frances O'Connor",,,2013,PG,103.0,Drama,"Little Red Wagon is based on the true story of eight year old Zach Bonner on his quest to change the world with nothing more than his beat-up red wagon and a blazing spirit of philanthropy. When Zach sets out to help homeless children in America, by walking from his house in Tampa, Florida to the White House, he must overcome bureaucrats and blisters and capture the hearts of the entire nation.",
hbomax_tm91569,The Last Wave,Movie,HBO Max,Peter Weir,"Richard Chamberlain, Olivia Hamnett, David Gulpilil, Frederick Parslow",AU,1977-01-01,1977,PG,106.0,thriller,"Australian lawyer David Burton agrees with reluctance to defend a group of Aboriginal people charged with murdering one of their own. He suspects the victim was targeted for violating a tribal taboo, but the defendants deny any tribal association. Burton, plagued by apocalyptic visions of water, slowly realizes danger may come from his own involvement with the Aboriginal people and their prophecies.",7.0
prime_s9200,First Shot,Movie,Prime Video,Armand Mastroianni,"Mariel Hemingway, Doug Savant, Jenna Leigh Green, Wanda Cannon",,,2002,PG-13,92.0,Action,The President of the United States is shot in a remote location and cannot be moved. Our secret service woman must protect him while trying to discover who did it.,
netflix_s7383,Maharakshak: Aryan,TV Show,Netflix,,"Aakarshan Singh, Vikramjeet Virk, Reena Aggarwal, Khalid Siddiqui, Abigail Jain, Rishabh Jain",India,2017-04-01,2014,TV-14,1.0,International TV Shows,"Shy nerd Aryan learns soon after his 18th birthday that he has inherited superpowers, which he must use to vanquish a variety of evil threats.",
hbomax_tm14225,Where Eagles Dare,Movie,HBO Max,Brian G. Hutton,"Richard Burton, Clint Eastwood, Mary Ure, Patrick Wymark",GB,1968-01-01,1968,PG,155.0,action,"World War II is raging, and an American general has been captured and is being held hostage in the Schloss Adler, a Bavarian castle that's nearly impossible to breach. It's up to a group of skilled Allied soldiers to liberate the general before it's too late.",7.6
hbomax_ts271614,We Baby Bears,TV Show,HBO Max,,"Connor Andrade, Amari McCoy, Max Mitchell, Demetri Martin",US,2022-01-01,2022,TV-Y7,2.0,animation,"Follow Grizz, Panda and Ice Bear – as their younger baby selves – traveling in a magical box to fantastic new worlds searching for a place to call home. Along the way, they meet new friends, learn a few lessons and discover that “home” can mean wherever they are, as long as they’re together.",
netflix_s555,RattleSnake - The Ahanna Story,Movie,Netflix,Ramsey Nouah,"Stan Nze, Osas Ighodaro, Bucci Franklin, Odera Adimorah, Efa Iwara, Emeka Nwagbaraocha, Elma Mbadiwe, Norbert Young, Brutus Richard, Chinyere Wilfred, Sonny McDon, Chiwetalu Agu",Nigeria,2021-07-02,2020,TV-MA,136.0,Dramas,"In this stylish remake, a disillusioned mastermind assembles a team to pull off a series of spectacular heists — but his crimes make too many enemies.",
hbomax_tm897453,Rizo,Movie,HBO Max,Jeanette Dilone,"Jeanette Dilone, Marcelis Galanes, Rina Mejia, Molly Densmore",US,2020-01-01,2020,,15.0,drama,"Rizo is the story of an Afro-Latina actress, Cristina, who struggles with her natural hair during a busy day of auditions.",
netflix_s3060,Garfield's Pet Force,Movie,Netflix,Mark A.Z. Dippé,"Frank Welker, Vanessa Marshall, Gregg Berger, Wally Wingert, Audrey Wasilewski, Jason Marsden, Fred Tatasciore, Stephen Stanton, Jennifer Darling, Neil Ross, Greg Eagles, Cathy Cavadini, David Michie, Greg Finley",South Korea,2020-01-01,2009,G,78.0,Children & Family Movies,"When an alien menace and her army of undead minions threaten to enslave the world, Garfield heads a team of comic-strip superheroes to save the day.",
hbomax_ts41319,Sr. Ávila,TV Show,HBO Max,"Fernando Rovzar, Alejandro Lozano","Tony Dalton, Nailea Norvind, Fernando Becerril, Carlos Aragón",MX,2013-01-01,2013,TV-MA,4.0,action,A family man experiences the tremendous burden of leading a double life as a professional hitman.,8.2
prime_s4697,Hogu's Love,TV Show,Prime Video,,"Choi Woo-Sik, Uee, Im Seul-Ong",,,2015,13+,1.0,Comedy,Ho-Gu has never dated anyone until he runs into Do-Hee. She is a member of the national swimming team and desperately wants to win. She also talks like one of the guys. Once Ho-Gu meets Do-Hee they become involved in a challenging romantic relationship and a dangerous friendship.,
prime_s3992,Test,Movie,Prime Video,Chris Mason Johnson,"Scott Marlowe, Matthew Risch, Kristoffer Cusick, Rory Hohenstein, Damon Sperber, James Sofranko",,,2014,18+,90.0,Arts,"Set in the early years of the AIDS epidemic, this powerful drama follows a young dancer as he navigates gay life and the modern dance scene in 1980s San Francisco. Starring dance Scott Marlowe, Matthew Risch (HBO's Looking), and featuring captivating dance sequences especially choreographed for the film by acclaimed U.S. choreographer Sidra Bell",
prime_s5118,Good Kisser,Movie,Prime Video,Wendy Jo Carlton,"Kari Alison Hodge, Julia Eringer, Rachel Paulson, Courtney McCullough, Carter Rodriquez",,,2020,18+,75.0,Comedy,"Jenna and Kate open up their relationship to an alluring stranger in the hopes of spicing up their two-year romance, only for it to expose the faults in their foundation.",
prime_s6182,Kala (Tamil),Movie,Prime Video,Rohith V.S,"Moor, Tovino Thomas, Lal, Divya Pillai, Pramod Veliyanad, Bibin Perumbilli, Sreejith Ravi, MGK Vishnu, Ashik Aboobaker, Abhishek Ganesh R, Sai Achu, Master Arish, Remadevi, Siju Mathew, Aneesh Kallarakkal, Sajeed Pattalam",,,2021,18+,127.0,Action,A psychological thriller that revolves around Shaji(Tovino Thomas) who faces an intriguing conflict with the many layered shades of human behavior.,
prime_s40,Yoga to Harness Your Chakra Energy,Movie,Prime Video,Mark Knight,Caroline Shola Arewa,,,2014,ALL,18.0,Faith and Spirituality,"Sharecare Windows presents Caroline Shola Arewa who describes the positions, meaning and qualities of energy, as well as the seven main chakras, gently leading you into a guided chakra meditation. Chakras are at the heart of the human energy system and understanding the chakra system can positively affect your physical health, emotional stability and spiritual awareness.",
prime_s6486,Kanchana,Movie,Prime Video,Raghava Lawrence,"Raghava Lawrence, R. Sarathkumar, Kovai Sarala, Lakshmi Rai, Devadarshini, Sriman",,,2011,13+,164.0,Comedy,"When three spirits possess a timid young man and start making him act like a woman, his mother consults an exorcist who unearths a heartbreaking tale of societal injustice, murder and vengeance.",
disney_tm892844,Long Gone Summer,Movie,Disney+,AJ Schnack,"Mark McGwire, Bob Costas, Ray Lankford, George Will",US,2020-01-01,2020,,120.0,documentation,"An examination of the 1998 MLB season and the home run race between Mark McGwire and Sammy Sosa. The two sluggers' race to hit the most home runs, later overshadowed by the steroid scandal, left a permanent mark on baseball history.",
netflix_s6177,Anwar,Movie,Netflix,Manish Jha,"Siddharth Koirala, Nauheed Cyrusi, Manisha Koirala, Rajpal Yadav, Yashpal Sharma, Vijay Raaz, Hiten Tejwani, Sudhir Pandey, Sanjay Mishra, Lalit Tiwari",India,2019-12-31,2007,TV-14,134.0,Dramas,"Seeking refuge in a Hindu temple after the tragic death of the girl he loved, a Muslim youth is caught by the police, who mistake him for an enemy.",
disney_ts300548,@Gina Yei: #WithAllMyHeartAndMore,TV Show,Disney+,,"Didi Romero, Gabriel Tarantini, Ana Gabriela Wolfermann, Felipe Albors",PR,2023-01-01,2023,,1.0,drama,"Yei!— Is what Gina says in positive situations or simply whenever she is happy. She has won a scholarship to the prestigious Caribbean Music Institute (CMI) on the island of Puerto Rico, the best place in the world to study Latin music and the birthplace of the successful reggaeton thanks to her lyric-writing abilities. Gina is a cheerful, energetic, and creative girl who loves writing. Her ultimate dream is to write songs.",8.3
disney_tm1044329,Flooded Tombs of the Nile,Movie,Disney+,Katie Bauer Murdock,"Devin E. Haqq, Pearce Paul Creasman, Kristin Romey, Fakhri Hassan Abdallah",US,2021-01-01,2021,PG,44.0,documentation,"Outside the Sudanese capital Khartoum, the remains of an ancient city stand in the desert. Are you ready to dive beneath the pyramids of Sudan's black pharaohs?",6.3
hbomax_tm122844,Suicide Squad,Movie,HBO Max,David Ayer,"Will Smith, Jared Leto, Margot Robbie, Joel Kinnaman",US,2016-01-01,2016,PG-13,123.0,action,"From DC Comics comes the Suicide Squad, an antihero team of incarcerated supervillains who act as deniable assets for the United States government, undertaking high-risk black ops missions in exchange for commuted prison sentences.",5.9
prime_s7088,While She Was Out,Movie,Prime Video,Susan Montford,"Kim Basinger, Lukas Haas, Craig Sheffer, Jamie Starr, Leonard Wu",,,2008,R,86.0,Horror,"Della (Academy Award winner Kim Basinger), a suburban housewife, is hell-bent on survival as she is mercilessly stalked by a group of teenage thugs led by a manipulative psychopath (Luke Haas of WITNESS).",
prime_s2129,Idiot TV,TV Show,Prime Video,,Chris Barrie,,,2018,13+,1.0,Comedy,"The sister show to Car Crash TV, Idiot TV is here to show you how not to live, with hundreds of hilarious clips showcasing the world's biggest fools.",
netflix_s1418,Al acecho,Movie,Netflix,Francisco D'Eufemia,"Rodrigo de la Serna, Belen Blanco, Walter Jakob, Facundo Aquinos, Patricia Calisaya",Argentina,2021-01-12,2019,TV-MA,81.0,International Movies,"Looking for a fresh start, a park ranger gets a new assignment. When he discovers a network of poachers, survival depends on his lethal instincts.",
netflix_s2677,Fauda,TV Show,Netflix,,"Lior Raz, Hisham Suliman, Shadi Mar'i, Laëtitia Eïdo, Tsahi Halevi, Yuval Segal, Neta Garty, Tomer Kapon, Itzik Cohen, Rona-Lee Shim'on, Boaz Konforty, Doron Ben-David",Israel,2020-04-16,2020,TV-MA,3.0,Crime TV Shows,"A top Israeli agent comes out of retirement to hunt for a Palestinian militant he thought he'd killed, setting a chaotic chain of events into motion.",
prime_s8900,Ong Bak - The Thai Warrior,Movie,Prime Video,Prachya Pinkaew,"Tony Jaa, Petchtai Wongkamlao",,,2005,R,105.0,Action,"Tony Jaa, the fighting superstar ""destined for film's martial arts pantheon,"" (New York Daily News) electrifies as a religious young warrior who swears an oath of peace. But when a gangster steals the head of Ong-Bak, his village's deity, Ting heads for Bangkok to get it back. In a film Time Magazine calls ""exhilarating"" with relentless, fever-pitched action free of stunt ...",
prime_s5995,Calm Like A Bomb,Movie,Prime Video,Mauro Russo Rouge,"Mauro Pacenti, Serena Debianchi, Gianfranco Giglio, Giovanni Pescetti",,,2021,18+,82.0,Action,"A man whose girlfriend was murdered takes revenge during the course of a single night. A spiral of shocking violence leaves no room for words. A man, his woman, three criminals and the distorted sounds of a city are the only reference.",
netflix_s4863,Saint Seiya: The Lost Canvas,TV Show,Netflix,,"Tetsuya Kakihara, Hiro Shimono, Aya Hirano, Atsushi Abe, Sanae Kobayashi, Kenta Miyake, Tomohiro Tsuboi, Nana Mizuki, Shigeru Chiba",Japan,2018-05-15,2009,TV-MA,1.0,Anime Series,This anime adventure follows the battle between a saint of Athena and an avatar of Hades who's working on a painting that could destroy the world.,
prime_s2949,Buffy The Vampire Slayer,TV Show,Prime Video,,"Sarah Michelle Gellar, Nicholas Brendon, Alyson Hannigan",,,2003,TV-14,7.0,Action,"As Buffy accompanies Dawn on her first day at the new Sunnydale High, Giles continues Willow's magic education in England. But while Buffy is surprised to be offered a guidance counselor job, Willow is shocked to experience a horrific future vision of the Hellmouth.",
prime_s4523,ALL FIRED UP,Movie,Prime Video,Jean-Paul Rappeneau,"Yves Montand, Isabelle Adjan, Lauren Hutton",,,1982,PG-13,103.0,International,"Victor (Montand) is an absent father and gambler, he comes home in need of money to cover his gambling debts. His daughter thwarts his plans. But when she realizes gangsters are looking for him, her attitude changes.",
netflix_s1700,White Christmas,Movie,Netflix,Michael Curtiz,"Bing Crosby, Danny Kaye, Rosemary Clooney, Vera-Ellen, Dean Jagger, Mary Wickes, John Brascia, Anne Whitfield, George Chakiris",United States,2020-11-15,1954,TV-G,120.0,Children & Family Movies,"Two war buddies fall for two sisters and follow the girls to a resort owned by their former commanding officer, who is in danger of losing the place.",
prime_s5295,Detective Byomkesh Bakshy,Movie,Prime Video,Dibakar Banerjee,"Anand Tiwari, Swastika Mukherjee, Neeraj Kabi, Meiyang Chang, Moumita Chakraborty, Sushant Singh Rajput, Divya Menon, Mark Bennington, Takanori Kikuchi, Dr Kaushik Ghosh, Shivam, Anindya Banerjee, Arindol Bagchi, Peter Wong, Pradipto Kumar Chakraborty, , Manoshi Nath, Tirtha Mallick, Prasun Gain, Aryann Bhaumik, Shaktipada Dey, Prashant Kumar, Nishant Kumar",,,2015,16+,138.0,Suspense,"Detective Byomkesh Bakshy - the film is set in the Second World War torn Calcutta during the 1940s and follows the first adventure of Byomkesh Bakshy (Sushant Singh Rajput), a recent college graduate, as he pits himself against an evil genius who is out to destroy the world. Watch the mystery unfold and ‘Expect the Unexpected’.",
prime_s5313,True Grit,Movie,Prime Video,Henry Hathaway,"John Wayne, Glen Campbell, Kim Darby, Jeremy Slate, Robert Duvall, Dennis Hopper, Strother Martin, John Fiedler",,,1969,G,128.0,Action,"A drunken, hard-nosed U.S. Marshal and a Texas Ranger help a stubborn young woman track down her father's murderer in Indian territory.",
disney_tm922170,The Lost City Of Machu Picchu,Movie,Disney+,,"Craig Sechler, Valerie Andrushko, Fernando Astete, Stella Nair",US,2019-01-01,2019,PG-13,44.0,documentation,"An investigation into the mysterious people who built Machu Picchu, the 15th-century Inca citadel located in southern Peru.",7.1
appletv_ts237817,Tehran,TV Show,Apple TV+,,"Niv Sultan, Shaun Toub, Shervin Alenabi, Glenn Close",IL,2020-01-01,2020,TV-MA,2.0,drama,A Mossad agent embarks on her first mission as a computer hacker in her home town of Tehran.,7.6
netflix_s6826,Gangs of Hassepur,TV Show,Netflix,,"Ragini Khanna, Mandira Bedi, Tanishaa Mukerji",India,2017-04-15,2014,TV-PG,1.0,International TV Shows,"Training a keen eye on hot-button political topics, this variety show features stand-up comedy, sketches and sarcastic celebrity impersonations.",
netflix_s767,Alan Saldaña: Locked Up,Movie,Netflix,Alex Díaz,Alan Saldaña,Mexico,2021-06-03,2021,TV-MA,49.0,Stand-Up Comedy,"Mexican comedian Alan Saldaña is back, poking gentle fun at himself and parceling advice, especially about how to stay married and how to be parents.",
prime_s1732,Married At First Sight,TV Show,Prime Video,,"Pepper Schwartz, Joseph Cilona",,,2014,TV-14,1.0,TV Shows,"Who can forget falling in love, especially the first time and then losing touch? From the high school sweetheart who moved away, to the holiday romance that fizzled because of lost phone numbers, the emotional treasure hunts produce conclusions both heart-warming and heart-wrenching.",
netflix_s6753,Filosofi Kopi The Movie,Movie,Netflix,Angga Dwimas Sasongko,"Chicco Jerikho, Rio Dewanto, Julie Estelle, Jajang C. Noer, Slamet Rahardjo, Otig Pakis, Arash Buana, Hazel Raditya, Dimas Harya, Westny Dj",Indonesia,2018-10-11,2015,TV-PG,118.0,Dramas,The level-headed owner of a struggling coffee shop finds his future at risk when his partner – a talented but cocky barista – makes a major bet.,
netflix_s5007,Battle Drone,Movie,Netflix,Mitch Gould,"Louis Mandylor, Daniel Southworth, Richard Alan Reid, Oleg Taktarov, Natassia Malthe, Jason Earles, Dominique Swain, Michael Paré",United States,2018-03-01,2018,TV-MA,94.0,Action & Adventure,"A team of mercenaries working with the CIA accepts an off-the-books mission in Chernobyl, where deadly human-controlled droids prepare an ambush.",
prime_s4439,Memories of Nanette,TV Show,Prime Video,,,,,2016,7+,1.0,Animation,"When 9-year-old Nanette arrives in the countryside for the first time to live with her Grandpa Archie, Granny Minnie and Aunt Susan, she discovers an environment very different from the city. But with a personality like hers and the help of her new friends Jack, Betty and Johnny, she will enjoy the countryside as an immense playground, in which every inch is to be explored.",
netflix_s4082,Life of An Outcast,Movie,Netflix,Pawan K Shrivastava,"Ravi Bhushan Bhartiya, Shalini Mohan, Bhaskar Jha, Manohar Pandey, Siddharth Bharadwaj, Jay Shanker Pandey, Deepak Jha, Komal Singh",India,2019-02-25,2018,TV-PG,80.0,Dramas,"When authorities jail his son for rejecting religious bias, a poor father’s struggle to bail him out highlights rural India’s enduring casteism.",
prime_s4951,Chhoti Bahu,Movie,Prime Video,K.B. Tilak,"Rajesh Khanna, Sharmila Tagore, Nirupa Roy, I.S. Johar, Shashikala, Mehmood Jr., Tarun Bose, Shivraj, Paidi Jairaj, Satyendra Kapoor, Madhumati, Jayshree T., Moolchand, Sarika",,,1971,ALL,137.0,Drama,"Chhoti Bahu Is A Superhit Bollywood Hindi Drama Movie, Directed By K.B. Tilak, Starring Sharmila Tagore, Rajesh Khanna, Nirupa Roy and I. S. Johar In The Lead Roles. Madhu Agrees To Marry Radha. Later, When He Learns That She Suffers From A Serious Illness Which Can Only Be Cured After She Gives Birth To A Child, His Life Turns Upside Down.",
prime_s5737,Pinocchio (2020) (4K UHD) [English Subtitled],Movie,Prime Video,Matteo Garrone,"Roberto Benigni, Federico Ielapi, Rocco Papaleo, Massimo Ceccherini",,,2020,PG-13,125.0,Drama,"Academy Award® winner Roberto Benigni stars as Geppetto in the enchantingly reimagined Pinocchio, about a puppet that magically comes to life and dreams of being a real boy.",
netflix_s6659,Earth to Luna!,TV Show,Netflix,,"Angelina Carballo, Raul-Gomez Pina, Eric Anderson",Brazil,2020-04-10,2014,TV-Y,1.0,Kids' TV,"Curious about everything and excited about science, 6-year-old Luna, her brother Jupiter and pet Clyde explore nature to learn about the world.",
netflix_s8374,The Jungle Book,TV Show,Netflix,,"Emma Tate, Jimmy Hibbert, Sam Gold, David Holt, Joseph J. Terry",India,2019-05-11,2010,TV-Y7,1.0,Kids' TV,"This animated series follows young Mowgli and his animal mentors Bagheera and Baloo, who do their best to protect him from fierce tiger Shere Khan.",
disney_ts218548,The Ghost and Molly McGee,TV Show,Disney+,,"Ashly Burch, Dana Snyder, Jordan Klepper, Sumalee Montano",ES,2021-01-01,2021,TV-Y7,3.0,comedy,"A grumpy ghost named Scratch is eternally cursed to be in the presence of polar opposite Molly McGee, a cheerful tween.",7.4
netflix_s6799,Free Willy,Movie,Netflix,Simon Wincer,"Jason James Richter, Lori Petty, Jayne Atkinson, August Schellenberg, Michael Madsen, Michael Ironside, Richard Riehle, Mykelti Williamson, Michael Bacall, Danielle Harris",United States,2020-01-01,1993,PG,112.0,Children & Family Movies,"Ordered to clean up the graffiti he painted at a marine theme park, a troubled young boy unexpectedly bonds with a killer whale on exhibit.",
disney_tm136528,Bad Hair Day,Movie,Disney+,Erik Canuel,"Laura Marano, Leigh-Allyn Baker, Christian Campbell, Kiana Madeira",CA,2015-01-01,2015,,91.0,action,"The film is about a high school tech whiz (Laura Marano), who is determined to become prom queen. But on the big day, she suddenly wakes up having a bad hair day, and her destroyed prom dress, and everything that can go wrong, does go badly wrong. A police officer (Leigh-Allyn Baker) seeks the necklace that the teen somehow ends up possessing. Prom day goes really bad as the pair is pursued by a dogged jewel thief (Christian Campbell) on a wild ride cross around the city.",5.8
netflix_s1116,Ferrari Ki Sawaari,Movie,Netflix,Rajesh Mapuskar,"Sharman Joshi, Boman Irani, Ritwik Sahore, Paresh Rawal, Deepak Shirke, Satyadeep Misra, Aakash Dabhade, Nilesh Diwekar, Vidya Balan",India,2021-04-01,2012,TV-PG,133.0,Comedies,A father winds up involved with a stolen Ferrari as he tries to acquire the money to send his son to the leading cricket academy.,
prime_s9325,Halloween With The New Addams Family,Movie,Prime Video,David Steinmetz,"John Astin, Ted Cassidy, Jackie Coogan, Carolyn Jones, Henry Darrow, Jane Rose, Elvia Allman, Ken Weatherwax, Lisa Loring",,,1977,7+,87.0,Comedy,"America's first family of ghastly giddiness reunites for a Halloween celebration that will raise the...dead! John Astin, Carolyn Jones, Ted Cassidy, Jackie Coogan, Lisa Loring and Ken Weatherwax all reprise their roles from the hit original series!",
prime_s5029,Broil,Movie,Prime Video,Edward Drake,"Jonathan Lipnicki, Timothy Murphy, Abby Ross",,,2020,16+,91.0,Horror,"After troubled 17-year-old Chance is sent to live at her draconian grandfather's estate, she uncovers a dangerous ancient family secret. Her only hope for survival may come from a killer-for-hire with a fortuitous stroke of culinary genius.",
prime_s1394,Padmaavat,Movie,Prime Video,Sanjay Leela Bhansali,"Deepika Padukone, Ranveer Singh, Shahid Kapoor, Aditi Rao Hydari, Jim Sarbh, Anupriya Goenka, Raza Murad",India,,2018,13+,163.0,Drama,"Set in 1303 AD medieval India, Padmaavat is the story of honor, valor and obsession. Queen Padmavati is known for her exceptional beauty along with a strong sense of justice and is the wife of Maharawal Ratan Singh and pride of the Kingdom of Chittor, a prosperous kingdom in the north west of India. The legend of her beauty reaches the reigning sultan of Hindustan – Allaudin Khilji.",
prime_s3834,Kim McVicar: Please Notice Me,Movie,Prime Video,Quentin Lee,Kim McVicar,,,2020,18+,64.0,Arts,"Comedian and former backup dancer Kim McVicar riffs about crawling for rappers, pranking her brother in prison, and getting hit on at her estranged father's funeral. And that's not all - this comedy special has something no one else has - dance breaks!",
netflix_s5563,Dave Chappelle,TV Show,Netflix,Stan Lathan,Dave Chappelle,United States,2017-03-21,2017,TV-MA,1.0,Stand-Up Comedy & Talk Shows,"Comedy icon Dave Chappelle makes his triumphant return to the screen with a pair of blistering, fresh stand-up specials.",
prime_s2176,How China Got Rich,Movie,Prime Video,Michael Wood,,,,2019,13+,57.0,Documentary,"Over the last 40 years, China has been transformed out of all recognition. The scale of its growth and the sheer speed of change has been astonishing. The country has seen the largest lifting of people out of poverty that has ever taken place in human history. How did an impoverished and backward communist country become an engine of global capitalism? What lies ahead for this economic behemoth?",
netflix_s6568,Darna Mana Hai,Movie,Netflix,Prawal Raman,"Aftab Shivdasani, Antara Mali, Boman Irani, Isha Koppikar, Nana Patekar, Raghuvir Yadav, Rajpal Yadav, Revathy, Saif Ali Khan, Sameera Reddy, Sanjay Kapoor, Shilpa Shetty, Sohail Khan, Vivek Oberoi",India,2019-08-01,2003,TV-MA,116.0,Horror Movies,"Stranded in a jungle when their car breaks down, six friends pass their time exchanging horror stories, unaware that they may be part of one themselves.",
netflix_s1227,The Houseboat,TV Show,Netflix,,"Olli Schulz, Fynn Kliemann",Germany,2021-03-09,2021,TV-14,1.0,Docuseries,"With plenty of passion and little know-how, two musicians undertake a daunting project: turn a late singer's houseboat into a creative musical space.",
hbomax_tm55992,Eating Raoul,Movie,HBO Max,Paul Bartel,"Paul Bartel, Mary Woronov, Robert Beltran, Susan Saiger",US,1982-01-01,1982,R,87.0,comedy,"A relatively boring Los Angeles couple discover a bizarre, if not murderous way to get funding for opening a restaurant.",6.8
prime_s7528,After Masks,Movie,Prime Video,"John Crockett, Brian McCulley, Manaal Khan, Carmelo Chimera, Tayo Amos, Rebekah Wiggins","Mitchell Hoog, Krista Allen, Eric Roberts, Eliza Roberts, Robert Picardo, Tionne 'T-Boz' Watkins, Debra Wilson",,,2021,16+,105.0,Drama,"Journey through the human experience as a pandemic tests what we are made of, both as individuals and as a culture. COVID-19 has challenged us with losing our jobs, being alone together, and facing death head-on. But a light still shines as we hope for togetherness, embrace the spirit of survival, and know that although we may bend, we are never broken. Everyone has a story. What's yours?",
netflix_s4901,Spiritual House,TV Show,Netflix,,"Hiroyuki Ehara, Miki Sumiyoshi, Sato Kondo, Kazuhiro Kiyohara, Noriko Sakai, Moe Oshikiri, Homare Sawa, Mariko Hayashi",,2018-05-01,2017,TV-PG,1.0,International TV Shows,"Psychic Hiroyuki Ehara leads various celebrities through spiritual consultations, probing into their issues and spotlighting their accomplishments.",
prime_s5168,The Naked Truth,Movie,Prime Video,Nico Mastorakis,"Robert Caso, Courtney Gibbs, Kevin Schon, Herb Edelman, Brian Thompson, Yvonne De Carlo, Erik Estrada, Lou Ferrigno, Zsa Zsa Gabor, Little Richard, Shannon Tweed, John Vernon, M. Emmet Walsh",,,1992,16+,99.0,Comedy,"Directed by Nico Mastorakis, this hilarious spoof features a stellar cast, including Zsa Zsa Gabor, Herb Edelman, M. Emmet Walsh, Bubba Smith, Ted Lange, John Vernon, Alex Cord, Erik Estrada, Norman Fell, Lou Ferrigno, Billy Barty, Dick Gautier, David Birney, Camilla Sparv, Shannon Tweed, and some of the most beautiful women in Hollywood. Poking fun at beauty pageants has never been so much fun!",
netflix_s5122,Christmas Inheritance,Movie,Netflix,Ernie Barbarash,"Eliza Taylor, Jake Lacy, Andie MacDowell, Michael Xavier, Neil Crone, Anthony Sherwood, Joanna Douglas, Martin Roach",United States,2017-12-15,2017,TV-G,105.0,Dramas,"To inherit her father's company, socialite Ellen must first visit his small hometown, where she learns the value of hard work and helping others.",
netflix_s8464,The President's Barber,Movie,Netflix,Chan-sang Lim,"Kang-ho Song, So-ri Moon, Jae-eung Lee, Yeong-jin Jo, Byung-ho Son, Yong-soo park, Seung-soo Ryu, Ju-sang Yun, Gyu-su Jeong, Dal-su Oh",South Korea,2017-10-01,2004,TV-MA,116.0,Comedies,"The personal barber to the president, as well as his wife and only son, get tangled in the political chaos that gripped South Korea in the late 1900s.",
prime_s9442,Mystery of the Nile,Movie,Prime Video,Jordi Llompart,,,,2005,ALL,48.0,Documentary,"In 2004, a team of scientists guided by geologist Pasquale Scaturro and kayaker Gordon Brown set out on a voyage to be the first people to traverse the entirety of Africa's Nile River. The expedition takes the group past historic ruins at the heart of Ancient Egyptian Civilization, but this terrific journey also comes with countless dangers from one of the most famous rivers in history.",
netflix_s1124,Magical Andes,TV Show,Netflix,,,Uruguay,2021-04-01,2021,TV-G,2.0,Docuseries,"From Argentina to Colombia, this stunning documentary follows five characters who share their deep connection to South America's majestic mountains.",
hbomax_tm38781,Wit,Movie,HBO Max,Mike Nichols,"Emma Thompson, Christopher Lloyd, Eileen Atkins, Audra McDonald",US,2001-01-01,2001,PG-13,99.0,drama,A renowned professor is forced to reassess her life when she is diagnosed with terminal ovarian cancer.,8.0
hbomax_tm71654,I Married a Witch,Movie,HBO Max,René Clair,"Fredric March, Veronica Lake, Robert Benchley, Susan Hayward",US,1942-01-01,1942,,74.0,comedy,"Rocksford, New England, 1672. Puritan witch hunter Jonathan Wooley is cursed after burning a witch at the stake: his descendants will never find happiness in their marriages. At present, politician Wallace Wooley, who is running for state governor, is about to marry his sponsor's daughter.",7.1
netflix_s3529,Bill Burr: Paper Tiger,Movie,Netflix,Mike Binder,Bill Burr,United States,2019-09-10,2019,TV-MA,67.0,Stand-Up Comedy,"Bill Burr unloads on outrage culture, male feminism, cultural appropriation, robot sex and more in a blistering stand-up special shot in London.",
prime_s3596,The Big Sick,Movie,Prime Video,Michael Showalter,"Kumail Nanjiani, Zoe Kazan, Holly Hunter, Ray Romano, Anupam Kher",United States,,2017,R,120.0,Comedy,"The Big Sick is based on the real-life courtship between Pakistan-born comedian Kumail Nanjiani (Nanjiani) and grad student Emily Gordon (Zoe Kazan) who fall in love but struggle as their cultures clash. When Emily contracts a mysterious illness, Kumail finds himself forced to face her feisty parents, his family’s expectations, and his true feelings.",
netflix_s347,Pineapple Express,Movie,Netflix,David Gordon Green,"Seth Rogen, James Franco, Danny McBride, Kevin Corrigan, Craig Robinson, Gary Cole, Rosie Perez, Ed Begley Jr., Nora Dunn, Amber Heard",United States,2021-08-01,2008,R,112.0,Action & Adventure,"After witnessing a murder, a perpetually stoned process server and his good-natured dealer go on the run from a drug lord who's out to kill them.",
disney_tm36299,Marvel One-Shot: Item 47,Movie,Disney+,Louis D'Esposito,"Lizzy Caplan, Jesse Bradford, Maximiliano Hernández, Titus Welliver",US,2012-01-01,2012,PG,12.0,fantasy,"Benny and Claire, a down-on-their-luck couple, find a discarded Chitauri weapon referred to as 'Item 47'.",
prime_s5826,Bubble Bip,TV Show,Prime Video,,"Marc Gómez, Christina Jopling, Cydney Fam, Michael Mena, Paula Barros",,,2015,7+,2.0,Animation,"Bip is a bubble slinging, video game hero who spends his days defeating sassy squids from one level to the next. Entering Earth for the first time, Bip befriends a group of whacky kids and engages in endless adventures!",
netflix_s7750,Planet Hulk,Movie,Netflix,Sam Liu,"Rick D. Wasserman, Lisa Ann Beley, Mark Hildreth, Liam O'Brien, Kevin Michael Richardson, Sam Vincent, Advah Soudack, Michael Kopsa, Paul Dobson, Marc Worden",United States,2020-06-01,2010,TV-14,81.0,Action & Adventure,"When Earth's superheroes exile the volatile Incredible Hulk to a distant planet called Sakaar, the muscle-bound green monster is sold into slavery.",
netflix_s539,The A List,TV Show,Netflix,,"Lisa Ambalavanar, Ellie Duckles, Savannah Baker, Cian Barry, Eleanor Bennett, Jacob Dudman, Rosie Dwyer, Jack Kane, Max Lohan, Nneka Okoye, Micheal Ward, Georgina Sadler, Indianna Ryan",United Kingdom,2021-07-06,2021,TV-PG,2.0,British TV Shows,"Romance, rivalry and radical mystery collide as a group of teens attend a remote island sleepaway camp in this suspenseful, supernatural drama.",
netflix_s6848,Ghost Rider,Movie,Netflix,Mark Steven Johnson,"Nicolas Cage, Eva Mendes, Wes Bentley, Sam Elliott, Donal Logue, Matt Long, Peter Fonda, Brett Cullen, Raquel Alessi, Laurence Breuls",United States,2020-10-01,2007,PG-13,110.0,Action & Adventure,"After selling his soul to save a loved one, daredevil biker Johnny Blaze pays the price by becoming a flame-skulled bounty hunter for Mephistopheles.",
hbomax_tm56880,The Latino List: Volume 2,Movie,HBO Max,Timothy Greenfield-Sanders,"Christy Turlington, Henry Cisneros, Cesar Conde, Victor Cruz",US,2012-01-01,2012,,49.0,documentation,"Documentary film interviews leading Latinos on race, identity, and achievement.",5.7
prime_s5634,Elzaz,TV Show,Prime Video,,"Thomas Ross, Amy Louise Kemp, Tamera Gandoff, Alex Robbins",,,2021,16+,1.0,TV Shows,A young sorcerer slowly understands the mortal world as he learns how to embrace his true self.,
hbomax_tm1019345,The Fallout,Movie,HBO Max,Megan Park,"Jenna Ortega, Maddie Ziegler, Niles Fitch, Lumi Pollack",US,2022-01-01,2022,R,92.0,drama,"In the wake of a school tragedy, Vada, Mia and Quinton form a unique and dynamic bond as they navigate the never linear, often confusing journey to heal in a world that feels forever changed.",7.0
hbomax_tm39463,Black Orpheus,Movie,HBO Max,Marcel Camus,"Breno Mello, Marpessa Dawn, Lourdes de Oliveira, Léa Garcia",BR,1959-01-01,1959,PG,100.0,drama,"Young lovers Orfeu and Eurydice run through the favelas of Rio during Carnaval, on the lam from a hitman dressed like Death and Orfeu's vengeful fiancée Mira and passing between moments of fantasy and stark reality. This impressionistic retelling of the Greek legend of Orpheus and Eurydice introduced bossa nova to the world with its soundtrack by young Brazilian composers Luiz Bonfá and Antonio Carlos Jobim.",7.4
prime_s9045,Viyabari,Movie,Prime Video,Shakti Chidambaram,"S. J. Surya, Tamannaah, Namitha, Vadivelu, Santhanam",,,2007,18+,163.0,Comedy,"Suryaprakash, an ambitious businessman, wishes to accumulate a lot of wealth for himself. He asks a scientist to clone him to replace him at home, while he gives his time to his business.",
netflix_s7856,Rememory,Movie,Netflix,Mark Palansky,"Peter Dinklage, Julia Ormond, Martin Donovan, Anton Yelchin, Henry Ian Cusick, Evelyne Brochu, Matt Ellis, Colin Lawrence, Chad Krowchuk, Gracyn Shinyei",United Kingdom,2020-06-01,2017,PG-13,112.0,Dramas,"A psychologist is murdered after unveiling a breakthrough invention that extracts memories, spurring a fixated former patient to hunt for answers.",
netflix_s81,Firedrake the Silver Dragon,Movie,Netflix,Tomer Eshed,"Thomas Brodie-Sangster, Felicity Jones, Freddie Highmore, Patrick Stewart, Meera Syal, Sanjeev Bhaskar, Nonso Anozie",,2021-09-10,2021,TV-Y7,93.0,Children & Family Movies,"When his home is threatened by humans, a young dragon summons the courage to seek a mythical paradise where dragons can live in peace and fly free.",
appletv_ts320127,Surfside Girls,TV Show,Apple TV+,,"Miya Cech, YaYa Gosselin, Spencer Hermes-Rebello",US,2022-01-01,2022,TV-G,1.0,thriller,Quick wits lead to daring discoveries for beachside besties Sam and Jade as they sleuth out supernatural mysteries in their sleepy hometown of Surfside. Based on the best-selling young adult graphic novels.,6.5
prime_s8035,Hey Jude,Movie,Prime Video,Shyamaprasad,"Nivin Pauly, Trisha Krishnan, Siddique, Neena Kurup",,,2018,13+,137.0,Romance,"Two odd ball characters, a youngster named Jude and the other, a talented singer named Crystal. When these two characters come together, their lives undergo several changes, leading to love, self-discovery, healing and transformation.",
prime_s953,Solar Flare,Movie,Prime Video,Max Ksjonda,"Arsen Shavlyuk, Volodymyr Rashuk, Ivanna Borodai",,,2020,13+,101.0,Kids,"12-year-old dreamer Vlad accidentally gets caught in a conflict between two alien forces. Together with an electric transformer box The Bobot, a brave girl and an eccentric scientist he has to save the world from a global catastrophe.",
prime_s1,The Grand Seduction,Movie,Prime Video,Don McKellar,"Brendan Gleeson, Taylor Kitsch, Gordon Pinsent",Canada,2021-03-30,2014,,113.0,Comedy,"A small fishing village must procure a local doctor to secure a lucrative business contract. When unlikely candidate and big city doctor Paul Lewis lands in their lap for a trial residence, the townsfolk rally together to charm him into staying. As the doctor's time in the village winds to a close, acting mayor Murray French has no choice but to pull out all the stops.",
netflix_s6337,Blood Father,Movie,Netflix,Jean-François Richet,"Mel Gibson, Erin Moriarty, Diego Luna, Michael Parks, William H. Macy, Miguel Sandoval, Dale Dickey, Richard Cabral, Daniel Moncada, Ryan Dorsey",France,2020-03-26,2016,R,88.0,Action & Adventure,An ex-convict and estranged father finds the chance to prove himself when his daughter seeks his help shaking off a dangerous group of drug dealers.,
netflix_s8801,Zindagi Gulzar Hai,TV Show,Netflix,,"Sanam Saeed, Fawad Khan, Ayesha Omer, Mehreen Raheel, Sheheryar Munawar, Samina Peerzada, Waseem Abbas, Javed Sheikh, Hina Khawaja Bayat",Pakistan,2016-12-15,2012,TV-PG,1.0,International TV Shows,"Strong-willed, middle-class Kashaf and carefree, wealthy Zaroon meet in college, but before love can take root, they each have some growing up to do.",
prime_s5555,Twilight,Movie,Prime Video,Robert Benton,"Paul Newman, Susan Sarandon, Gene Hackman, James Garner, Stockard Channing, Reese Witherspoon, Giancarlo Esposito, Liev Schreiber, Margo Martindale, John Spencer",United States,,1998,R,94.0,Drama,"In this urban detective thriller, Private eye Harry Ross (Paul Newman) lives in the garage of his movie-star friend suffering from cancer, Jack (Gene Hackman) and is attracted to Jack's wife Catherine (Susan Sarandon). However, Harry is drawn into a blackmail scheme that threatens to shatter all their lives.",
hbomax_ts311296,The Craftsman,TV Show,HBO Max,,Eric Hollenbeck,US,2021-01-01,2021,,2.0,reality,"Master craftsman and woodworker Eric Hollenbeck is in the restoration business, taking historic homes and forgotten treasures around his hometown of Eureka, California, and giving them new life.",8.5
netflix_s319,Shiny_Flakes: The Teenage Drug Lord,Movie,Netflix,"Eva Müller, Michael Schmitt",Maximilian Schmidt,,2021-08-03,2021,TV-MA,97.0,Documentaries,"Max S. reveals how he built a drug empire from his childhood bedroom in this story that inspired the series ""How to Sell Drugs Online (Fast).""",
prime_s4706,Zaki Chan,Movie,Prime Video,Wael Ihsan,"Ahmed Helmy, Yasmin Abdulaziz",Egypt,,2005,7+,109.0,Comedy,"Trouble follows Zaki wherever he goes, until he finds out that his father's boss needs a bodyguard for his kids and he decides to apply for the job even though he doesn't really fit the requirements.",
netflix_s2322,George Lopez: We'll Do It For Half,Movie,Netflix,Troy Miller,George Lopez,United States,2020-06-30,2020,TV-MA,52.0,Stand-Up Comedy,"Comedian George Lopez tackles the future and the past of Latinx culture in America, touching on immigration, his tough relatives, aging and much more.",
netflix_s2465,Grandmother's Farm Part 2,Movie,Netflix,Ahmed Zein,"Mansour Al Felei, Saeed Al-Sheryani, Yaser Alneyadi, Khaled Al-Nuaimi, Abdullah Al Hamiri, Abdullah Al-Ramsi, Salama Almazrouei, Am Rashed, Aisha Al Suwaidi, Muhammed Murshed",United Arab Emirates,2020-05-28,2015,TV-14,80.0,Comedies,"After their haunting experience on a desert farm, a group of buddies escapes on a faraway getaway to seaside Fujairah — and right into more terror.",
netflix_s4902,The Clapper,Movie,Netflix,Dito Montiel,"Ed Helms, Amanda Seyfried, Tracy Morgan, Brenda Vaccaro, P.J. Byrne, Leah Remini, Mickey Gooch Jr., Adam Levine, Russell Peters, Alan Thicke",United States,2018-05-01,2017,R,90.0,Comedies,"A newcomer ekes out a living in LA as a professional audience member on infomercials, but life gets complicated when he's thrust into the spotlight.",
netflix_s1220,You're Everything To Me,Movie,Netflix,Tolga Örnek,"Tolga Çevik, Cengiz Bozkurt, Melis Birkan, Tuna Çevik",Turkey,2021-03-12,2016,TV-PG,107.0,Comedies,"When an old fling shows up with their infant child, a dallying man-child must take on the role of father and create a fairytale world for his daughter.",
prime_s7723,Mia meets Morgenrot,Movie,Prime Video,Martin Pfeil,"Ana Dordevic, Guido Drell, Tom von der Isar, Frederik Lenke, Gordana Heyden, Giulio Avise Caselli",,,2020,16+,102.0,Arthouse,"Mia, a young, attractive woman and mother starts to question the meaning of life due to external circumstances. She tries to escape into the virtual world of chats, where she meets „Morgenrot"" for the first time. It is the beginning of a journey through the unknown, where feelings don't emerge through physical contact, but through words. However, Mia's husband discovers her secret.",
hbomax_tm931957,Please Hold,Movie,HBO Max,K.D. Dávila,"Erick Lopez, Daniel Edward Mora, Doreen Calderon, Ruben Dávila",US,2020-01-01,2020,R,18.0,scifi,"A young man’s life is suddenly and inexplicably derailed, as he finds himself at the mercy of automated ‘justice’.",7.9
prime_s7569,Lotus Cup Europe Championship,TV Show,Prime Video,,,,,2021,TV-Y7,1.0,Documentary,"Fast paced racing from these immaculately prepared race cars, The Lotus Cup Europe is a large grid of multi-class machines who battle it on some of the best Circuits in Europe",
prime_s4310,Stinger,Movie,Prime Video,Martin Munthe,"Jordi Almeida, Casey Clark, James Cagnard, Richard Froelich, Tom Huntington, Michelle Meadows",,,2005,R,99.0,Action,"For nearly two months, the USS Newark, carrying an experimental, top-secret military cargo, has been lost at sea. When the sub is finally discovered sixty miles off the coast of California, the government, eager to regain the lost cargo, assembles a highly-accomplished salvage team, accompanied by Dr. Carly Ryan - head of the original project - and her assistant.",
prime_s3460,45 Minutes In South America,Movie,Prime Video,Mark Knight,,,,2012,ALL,45.0,Special Interest,"Naturally beautiful, this spectacular video without narration or music-just natural sounds and sights captured in full HD on location. Visit Sugarloaf Tram Rio de Janeiro, Vidigal Beach Brazil, Laja River Tributary Antuco Valley Chile, Lala Lake National Park Chile, Avenida del Liberador, National Congress Buenos Aires, Igauzu Falls, Ponte Octavio Frias de Oliveria Sa Paulo Brazil and more.",
prime_s3316,Alley Cat,Movie,Prime Video,"Victor M. Ordonez, Ed Palmos (as Edward Victor), Al Valletta","Karin Mani, Robert Torti, Britt Helfer, Michael Wayne, Jon Greene, Jay Fisher, Claudia Decea, Tim Cutt, Jay Walker, Moriah Shannon",,,1970,R,83.0,Action,"Billie Clark is twenty, smart and pretty. She's also a black belt in karate. When the young woman beats up a gang of thugs trying to steal her tires, they retaliate by murdering her grandparents. She vows to see justice done and avenge their deaths.",
netflix_s6821,Gabru: Hip Hop Revolution,TV Show,Netflix,,"Amol Parashar, Harleen Sethi, Chaitanya Sharma, Priya Malik, Pratik Dixit",India,2018-06-01,2018,TV-14,1.0,International TV Shows,"Three young, aspiring Indian rappers make their way in a cutthroat music industry, dreaming of fame, stardom and ultimate hip-hop domination .",
netflix_s8636,True Grit,Movie,Netflix,Henry Hathaway,"John Wayne, Glen Campbell, Kim Darby, Jeremy Slate, Robert Duvall, Dennis Hopper, Alfred Ryder, Strother Martin, Jeff Corey",United States,2020-01-01,1969,G,128.0,Classic Movies,Teenage tomboy Mattie Ross enlists the help of crusty lawman Rooster Cogburn to track down the hired hand who murdered her father.,
prime_s3032,Blockbusters with Bill Cullen,TV Show,Prime Video,,Bill Cullen,,,1981,TV-G,1.0,Unscripted,Question and answer game with two players against a single player in a race to connect boxes from one side of the game board to the other.,
netflix_s1200,Savages,Movie,Netflix,Oliver Stone,"Taylor Kitsch, Aaron Taylor-Johnson, Blake Lively, John Travolta, Benicio Del Toro, Salma Hayek, Demián Bichir, Sandra Echeverría, Emile Hirsch, Joaquín Cosío, Ali Wong",United States,2021-03-16,2012,R,131.0,Dramas,"With the help of a shady DEA agent, two weed entrepreneurs take on a merciless cartel leader who wants in on their business and kidnaps their lover.",
netflix_s1072,Motu Patlu in Hong Kong: Kung Fu Kings 3,Movie,Netflix,Suhas Kadav,"Saurav Chakraborty, Sankalp Rastogi, Anamaya Varma, Aditya Raaj, Manoj Pandey",,2021-04-13,2017,TV-Y7,84.0,Children & Family Movies,"With a dangerous villain to defeat in Hong Kong, Motu takes his martial arts skills to the next level, training with a boneless master to face the foe.",
netflix_s4327,The Sound of Your Heart: Reboot,TV Show,Netflix,,"Sung Hoon, Kwon Yuri, Tae Hang-ho, Joo Jin-mo, Shim Hye-jin, Ji Su-won, Park Cheol-min, Kim Seong-won, Kang Yoon, Seo Eun-ah, Bae Yoon-kyung",South Korea,2018-12-03,2018,TV-14,2.0,International TV Shows,"Webtoonist Cho Seok is back with more anecdotes of mix-ups, unintended antics, and bathroom blunders in this reboot starring an all-new cast.",
disney_ts21313,Sonny with a Chance,TV Show,Disney+,,"Demi Lovato, Allisyn Ashley Arm, Tiffany Thornton, Sterling Knight",US,2009-01-01,2009,TV-G,3.0,comedy,"Allison ""Sonny"" Munroe makes the leap from the Midwest to Los Angeles to join the cast of ""So Random!,"" the most popular sketch comedy TV show for kids and tweens. Her fellow young actors are resident teen queen Tawni, super suave Nico, gregarious funnyman Grady and quirky Zora. Now Sonny must somehow balance these new friendships while adjusting to her family's decidedly different way of life in Hollywood. Meanwhile, Sonny must also contend with heartthrob Chad Dylan Cooper, star of the rival show ""MacKenzie Falls,"" who makes it known that he thinks his dramatic work is better than her comedy career.",6.0
netflix_s2273,Drishyam,Movie,Netflix,Nishikant Kamat,"Ajay Devgn, Shriya Saran, Tabu, Rajat Kapoor, Ishita Dutta, Mrunal Jadhav, Prasanna Ketkar, Yogesh Sonam, Prathamesh Parab, Rishabh Chaddha",India,2020-07-05,2015,TV-14,162.0,Dramas,An unexceptional man becomes a murder suspect when the son of a high-ranking police official who harassed his daughter goes missing.,
netflix_s1617,Monster House,Movie,Netflix,Gil Kenan,"Mitchel Musso, Sam Lerner, Spencer Locke, Steve Buscemi, Kathleen Turner, Jason Lee, Jon Heder, Maggie Gyllenhaal, Catherine O'Hara, Fred Willard, Nick Cannon, Kevin James",United States,2020-12-01,2006,PG,91.0,Children & Family Movies,"A trio of friends sets out to expose the terrors of a vacant neighborhood house, which appears to have a craving for people — and a life of its own.",
prime_s1124,Runaway Squad,TV Show,Prime Video,,,,,2010,TV-14,1.0,TV Shows,"Former NYPD detective Joe Mazzilli leads a team of private investigators – real-life superheroes, some call them – who track runaways with the hope of reuniting them with their families.",
netflix_s7776,Power Rangers Samurai: Clash of the Red Rangers,Movie,Netflix,,"Alex Heartman, Erika Fong, Hector David Jr., Najee De-Tiege, Brittany Anne Pirtle, Rene Naufahu",United States,2016-01-01,2011,TV-Y7,46.0,Children & Family Movies,The Samurai Rangers team up with the RPM Ranger Red to fight off Master Xandred's Mooger army and a robotic villain from the RPM Ranger's dimension.,
netflix_s5665,3 Türken & ein Baby,Movie,Netflix,Sinan Akkuş,"Kostja Ullmann, Eko Fresh, Kida Khodr Ramadan, Sabrina Klüber, Sami Nasser, Kayla Rybicka, Jytte-Merle Böhrnsen, Emrah Erdogru, Tim Grothe, Hülya Duyar",Germany,2016-12-15,2015,TV-MA,93.0,Comedies,The lives of three dissatisfied brothers running a family bridal shop turn topsy-turvy when one of them has to care for his ex-girlfriend's baby.,
prime_s6957,I Am Love (English Subtitled),Movie,Prime Video,Luca Guadagnino,"Tilda Swinton,  Flavio Parenti,  Edoardo Gabbriellini,  Alba Rohrwacher",,,2010,R,119.0,Drama,"At the heart of the wealthy Recchi family is Tancredi Recchi's wife Emma (Tilda Swinton), whose existence is shocked to the core when she embarks on a passionate love affair that will change her family forever.",
prime_s3462,4/20 Massacre,Movie,Prime Video,Dylan Reynolds,"Jamie Bernadette, Vanessa Rose Parker, Stacey Danger, Justine Wachsberger, Marissa Pistone, Jim Storm, James Gregory, Mark Schroeder, Drew Talbert, Jim Round",,,2018,16+,85.0,Action,"Over 4/20 weekend, five young women decide to celebrate their friend's birthday by taking a camping trip to a secluded part of a nearby national park. However, their fun is quickly snubbed out when they stumble upon an illegal marijuana grow operation hidden in the greenery and protected by a bloodthirsty maniac.",
hbomax_tm814962,Havana Street Party Presents Orishas,Movie,HBO Max,,,,2019-01-01,2019,,69.0,,"Three-time Grammy-nominated(R) Orishas mix hip-hop and traditional Caribbean sounds to perfection. In this exclusive music special, the trio perform in their native Cuba for an electrifying Havana Street Party at the city’s riverside amphitheater in Parque Almendares, on a tropical spring night.",
disney_tm137650,The Haunted Mansion,Movie,Disney+,Rob Minkoff,"Eddie Murphy, Marsha Thomason, Terence Stamp, Nathaniel Parker",US,2003-01-01,2003,PG,88.0,thriller,"Workaholic Jim Evers and his wife/business partner Sara get a call one night from  a mansion owner, Edward Gracey, who wants to sell his house. Once the Evers family arrive at the mansion, a torrential thunderstorm of mysterious origin strands them with the brooding, eccentric Gracey, his mysterious butler, and a variety of residents both seen and unseen.",5.1
prime_s8270,Sahara,Movie,Prime Video,Andrew V. McLaglen,"Brooke Shields, John Rhys-Davies, Horst Buchholz",,,1984,13+,106.0,Action,"Intent on winning a competition in place of her distinguished late father, beautiful young heiress Dale takes on the guise of a man and competes in his spot, embarking on a car race that crosses the unforgiving Sahara desert.",
netflix_s8138,Swami Baba Ramdev: The Untold Story,TV Show,Netflix,,"Naman Jain, Kranti Prakash Jha, Tej Sapru, Chetan Pandit, Hitesh Bhardwaj, Sadhil Kapoor",,2018-05-01,2018,TV-14,1.0,International TV Shows,"Born into poverty and denied an education, a village boy overcomes society’s obstacles to become India’s foremost spiritual guru, revered by millions.",
hbomax_tm87404,Everyday People,Movie,HBO Max,Jim McKay,"Jordan Gelber, Bridget Barkan, Stephen McKinley Henderson, Sydnee Stewart",US,2006-01-01,2006,,91.0,drama,The closing of a local restaurant concerns a number of employees who've dedicated their lives to the eatery,6.5
prime_s7818,Defendor,Movie,Prime Video,Peter Stebbings,"Woody Harrelson, Elias Koteas, Michael Kelly, Sandra Oh, Kat Dennings",,,2010,R,101.0,Comedy,"Despite lacking any actual superpowers, Arthur Poppington transforms himself into the costumed vigilante Defendor. But danger beckons when our hero tries to protect a young prostitute from an assailant who turns out to be a corrupt undercover cop.",
prime_s484,The Pop Ups: Great Pretenders Club,Movie,Prime Video,The Pop Ups,,,,2015,ALL,30.0,Kids,"A collaboration between Brooklyn musicians Jason Rabinowitz and Jacob Stein, The Pop Ups have been setting the standard for children's music since 2010. The two-time GRAMMY Award nominees for Best Children's Album go on an adventure to become part of the Great Pretenders Club in this unique and imaginative rock and roll puppet musical featuring live action and animation.",
prime_s1643,Mo Mandel: Negative Reinforcement,Movie,Prime Video,Steven Feinartz,Mo Mandel,,,2016,,66.0,Arts,"Mo Mandel takes the stage in his first hour-long special at the Gothic Theater in Denver. He loves Julia Iglesias, hates positive people, and aims his frenetic laser at everything from the sins of his parents, to the perils of sex, to the dark nature of his own disastrous mind.",
prime_s7429,A Fighting Man,Movie,Prime Video,Damian Lee,"Dominic Purcell, Louis Gossett Jr., James Caan",,,2014,R,88.0,Action,"Haunted by a tragic past, undefeated washed up boxer Sailor O'Connor (Dominic Purcell) is a broken man. When a fluke opportunity arises to step back in the ring, he takes it. Not knowing when to throw in the towel, Sailor must face his personal demons or die trying to stay on his feet throughout a bloody, brutal beating in the ring.",
netflix_s488,The Cook of Castamar,TV Show,Netflix,,"Michelle Jenner, Roberto Enríquez, Hugo Silva, Maxi Iglesias, María Hervás, Agnès Llobet, Paula Usero, Jean Cruz, Óscar Rabadán, Fiorella Faltoyano, Nancho Novo, Silvia Abascal, Mónica López",,2021-07-09,2021,TV-MA,1.0,International TV Shows,"In 1720 Madrid, a talented cook catches the eye of a widowed duke just as he returns to aristocratic society. Based on the novel by Fernando J. Múñez.",
netflix_s5506,Loev,Movie,Netflix,Sudhanshu Saria,"Shiv Pandit, Dhruv Ganesh, Siddharth Menon, Rishabh Chaddha",India,2017-05-01,2015,TV-MA,89.0,Dramas,Lives are upended when a hiking trip leads a Wall Street hotshot to explore his true feelings for an old pal who’s disenchanted with his boyfriend.,
netflix_s4639,Ingobernable,TV Show,Netflix,,"Kate del Castillo, Eréndira Ibarra, Alberto Guerra, Erik Hayser, Luis Roberto Guzmán, Álvaro Guerrero, Aida López, Fernando Luján, Maxi Iglesias, Marianna Burelli, Maria del Carmen Farías, Tamara Mazarraza, Marina de Tavira, Marco Antonio Treviño, Alicia Jaziz, Harold Torres, Alessio Valentini, Diego Cadavid, Hernán Del Riego",Mexico,2018-09-14,2018,TV-MA,2.0,Crime TV Shows,"The first lady of Mexico is a woman of conviction and ideals. But when she loses faith in her husband, she'll need all her strength to uncover the truth.",
prime_s7133,Resentment,Movie,Prime Video,Natalia Shaufert,"Dana Ciobanu, Mircea Marco, Iurie Radu, Ana Tkacenko, Anatol Durbalã",,,2019,16+,95.0,Action,"At the age of 30, Galina is looking for love, but meets a good soldier only for war.",
prime_s8366,Boycie in Belgrade,Movie,Prime Video,Lazar Vukovic,John Challis,,,2021,ALL,79.0,Comedy,"Join John Challis on his journey to Belgrade, Serbia, where he aims to uncover why 'Only Fools and Horses' is so popular in the country. From a Royal Palace, to a brandy distillery. A must watch for any fan of Only Fools and Horses.",
hbomax_tm10527,The Music Man,Movie,HBO Max,Morton DaCosta,"Robert Preston, Shirley Jones, Buddy Hackett, Ron Howard",US,1962-01-01,1962,G,151.0,romance,"A con man comes to an Iowa town with a scam using a boy's marching band program, but things don't go according to plan.",7.7
hbomax_tm20441,"Dude, Where's My Car?",Movie,HBO Max,Danny Leiner,"Ashton Kutcher, Seann William Scott, Jennifer Garner, Marla Sokoloff",US,2000-01-01,2000,PG-13,84.0,comedy,Two stoners wake up after a night of partying and cannot remember where they parked their car.,5.5
prime_s8247,The Long Island Incident,Movie,Prime Video,Joseph Sargent,"Laurie Metcalf, Mackenzie Astin",,,1998,16+,92.0,Drama,"On December 7, 1993, a gunman opened fire in a crowded commuter train on Long Island. This fact-based story focuses on the events that swell around Carolyn McCarthy, a woman whose husband is killed and her 26 year old son is severely wounded in the massacre. The result is she is forced out of her comfortable suburban existence and she becomes an out-spoken crusader against assault weapons.",
prime_s458,The Secret Life of Us,TV Show,Prime Video,,"Deborah Mailman, David Tredinnick, Samuel Johnson, Michael Dorman, Sullivan Stapleton, Brooke Harman, Stephen Curry, Anna Torv, Nicholas Coghlan, Alexandra Schepisi, Rhys Muldoon, Vince Colosimo, Diana Glenn, Ryan Johnson",,,2006,13+,4.0,Drama,"The Secret Life Of Us is an Australian drama revolving around the lives of the residents of an apartment block in an urban suburb of Melbourne. It follows the characters through some of life's most complex journeys, as they search for themselves in their work, social and family lives, always following one simple rule: all roads lead back to your friends.",
netflix_s3986,The Dirt,Movie,Netflix,Jeff Tremaine,"Douglas Booth, Iwan Rheon, Colson Baker, Daniel Webber, David Costabile, Pete Davidson",United States,2019-03-22,2019,TV-MA,108.0,Comedies,"In this unflinching biopic based on Mötley Crüe's best-selling book, four LA misfits navigate the monster highs and savage lows of music superstardom.",
prime_s8938,3 Pints and a Rabbi,Movie,Prime Video,Richard J. Perry,"Amanda Abbington, Michael Maloney, Jordan Stephens, Hannaj Bang Bendz",,,2021,18+,73.0,Comedy,"When three dazed and confused strangers wake up in a pub to a dead woman lying on the table with three hefty chunks of flesh missing, they must figure out what happened to her in order to ensure they don't meet the same fate.",
disney_tm945431,Black Beauty,Movie,Disney+,Ashley Avis,"Kate Winslet, Mackenzie Foy, Iain Glen, Calam Lynch",GB,2020-01-01,2020,PG,110.0,drama,"Born free in the American West, Black Beauty is a horse rounded up and brought to Birtwick Stables, where she meets spirited teenager Jo Green. The two forge a bond that carries Beauty through the different chapters, challenges and adventures.",6.4
prime_s6142,I Was Not Ready Da (4K UHD),Movie,Prime Video,Aravind SA,Aravind SA,,,2020,16+,77.0,Arts,"Imagine 2 flowers pollinating onscreen for an hour, that's 'SA's- I Was Not Ready Da,' a show for the whole family; to watch separate separately! From his teenage love for white people and chatrooms and socialist strip club visits in the U.S., to shocking Sanskrit tutors and provoking news anchors in their own shows, SA narrates hilarious tales.",
prime_s2165,Hunted,TV Show,Prime Video,,Jonathan Smith,,,2019,13+,4.0,Action,The opening scene of Hunted Series 4 sees the crack squad of Hunters launch a helicopter to track a boat off the northwest coast of the UK. The vessel is heading at speed towards Liverpool docks carrying six teams of fugitives determined to evade capture for the next 25 days.,
prime_s7424,Answers to Nothing,Movie,Prime Video,Matthew Leutwyler,"Miranda Bailey, Julie Benz, Dane Cook, Zach Gilford, Kali Hawk, Mark Kelly, Elizabeth Mitchell, Erik Palladino, Vincent Ventresca, Aja Volkman, Barbara Hershey",,,2011,R,124.0,Drama,"Starring Dane Cook, Answers to Nothing tells the interweaving stories of several Los Angelenos trying to do the right thing against the backdrop of a missing girl case.",
netflix_s4383,Cam,Movie,Netflix,Daniel Goldhaber,"Madeline Brewer, Patch Darragh, Melora Walters, Devin Druid, Imani Hakim, Michael Dempsey, Flora Diaz, Samantha Robinson, Jessica Parker Kennedy, Quei Tann",United States,2018-11-16,2018,TV-MA,95.0,Horror Movies,"After a look-alike takes over her account, a cam girl with a growing fan base sets out to identify the mysterious culprit and reclaim her own identity.",
netflix_s4864,Ali Wong: Hard Knock Wife,Movie,Netflix,Jay Karas,Ali Wong,United States,2018-05-13,2018,TV-MA,64.0,Stand-Up Comedy,"Two years after the hit ""Baby Cobra,"" Ali Wong is back with another baby bump – and a torrent of hilarious truths about marriage and motherhood.",
prime_s6943,Seven,Movie,Prime Video,"Mitchell Slan, Xavier Price","Glennellen Anderson, Taylor-Grace, Xavier Price, Mitchell Slan, Alex O'Neill, Nicholas S. Miller, Adrian Mauro, Johnson Marquarius",,,2017,18+,43.0,Horror,"Six individuals take part in an upcoming film production. When they arrive on set, the rest of the cast and crew are nowhere to be found. Puzzled and confused, they quickly learn things aren't what they seem. A simple call time turns into a fight for survival as they are trapped by an unknown force that reveals their 7 deadly sins. Terrifying found footage horror film made in the United States.",
hbomax_tm1000681,Language Lessons,Movie,HBO Max,Natalie Morales,"Natalie Morales, Mark Duplass, Desean Terry, Christine Quesada",US,2021-01-01,2021,,91.0,drama,A Spanish teacher and her student develop an unexpected friendship.,7.1
netflix_s1473,Bobby Jasoos,Movie,Netflix,Samar Shaikh,"Vidya Balan, Ali Fazal, Supriya Pathak, Tanvi Azmi, Zarina Wahab, Kiran Kumar, Rajendra Gupta, Arjan Bajwa, Prasad Barve, Aakash Dahiya",India,2020-12-31,2014,TV-14,116.0,Comedies,"With unlimited determination and zero field experience, a small-town detective accepts a lucrative case from a mysterious – and suspicious – stranger.",
hbomax_tm170743,Another Country,Movie,HBO Max,Marek Kanievska,"Rupert Everett, Colin Firth, Michael Jenn, Robert Addie",GB,1984-01-01,1984,PG,90.0,drama,"In Moscow in 1983, an American journalist interviews Guy Bennett, who recalls his last year at public school, fifty years before, and how it contributed to him becoming a spy.",7.0
netflix_s3299,Wild District,TV Show,Netflix,,"Juan Pablo Raba, Cristina Umaña, Camila Sodi, Christian Tappán, Juan Fernando Sánchez, Juan Sebastián Calero, Paula Castaño, Nicolás Quiroga, Alina Lozano, Carolina Acevedo, Julio César Pachón, Roberto Cano",Colombia,2019-11-08,2019,TV-MA,2.0,Crime TV Shows,"After surrendering to Bogotá police, an ex-guerrilla avoids prison by working undercover to investigate a ruthless enforcer of government corruption.",
netflix_s4422,Aamir,Movie,Netflix,Raj Kumar Gupta,"Rajeev Khandelwal, Gajraj Rao, Shashanka Ghosh, Jhilmil Hazrika, Gazala Amin, Allauddin Khan",India,2018-11-01,2008,TV-14,95.0,International Movies,"In this high-tension thriller, an anonymous caller on a cell phone threatens to harm a man's family if he doesn't carry out every order.",
netflix_s1373,June & Kopi,Movie,Netflix,Noviandra Santosa,"Acha Septriasa, Ryan Delon, Makayla Rose Hilli, TJ",Indonesia,2021-01-28,2021,TV-PG,90.0,Children & Family Movies,"A street dog is taken in by a young couple, and the family pit becomes an instant accomplice as she adjusts to her new, loving home.",
disney_tm319189,The Kid Who Would Be King,Movie,Disney+,Joe Cornish,"Louis Ashbourne Serkis, Dean Chaumoo, Tom Taylor, Rhianna Dorris",GB,2019-01-01,2019,PG,120.0,fantasy,"Old-school magic meets the modern world when young Alex stumbles upon the mythical sword Excalibur. He soon unites his friends and enemies, and they become knights who join forces with the legendary wizard Merlin. Together, they must save mankind from the wicked enchantress Morgana and her army of supernatural warriors.",6.1
netflix_s4971,"Game Over, Man!",Movie,Netflix,Kyle Newacheck,"Adam DeVine, Anders Holm, Blake Anderson, Utkarsh Ambudkar, Aya Cash, Neal McDonough, Daniel Stern, Jamie Demetriou, Rhona Mitra, Sam Richardson, Steve Howey, Mac Brandt, Geno Segers, Roe Hartrampf",United States,2018-03-23,2018,TV-MA,102.0,Action & Adventure,Three buddies with big dreams go from underachieving slackers to badass warriors when their posh hotel is taken over by terrorists.,
prime_s8570,The Priest (Tamil),Movie,Prime Video,Jofin T. Chacko,"Mammootty, Manju Warrier, Ameya Mathew, Nikhila Vimal, Baby Monica",India,,2021,13+,145.0,Suspense,"Father Carmen, a priest, joins hands with the police to investigate a series of mysterious suicides. However, he soon stumbles upon a disturbing fact that has serious consequences.",
netflix_s6358,Bondi Rescue,TV Show,Netflix,,"Andrew Günsberg, Dean Gladstone, Bruce Hopkins, Trent 'Maxi' Maxwell, Andrew Reid, Ryan Clark, Chris Chapman, Anthony 'Harries' Caroll",Australia,,2016,TV-PG,1.0,Reality TV,"This reality series follows elite professional lifeguards on Sydney's Bondi Beach, as they take on everything from animal stings to criminals.",
netflix_s2883,The Arbitration,Movie,Netflix,Niyi Akinmolayan,"Adesua Etomi, O.C. Ukeje, Ireti Doyle, Sola Fosudo, Somkele Iyamah, Lota Chukwu, Gregory Ojefua, Beverly Naya, Bimbo Ademoye, Pius Fatoke",Nigeria,2020-02-26,2016,TV-MA,101.0,Dramas,An arbitration panel is formed after a company CEO in Nigeria is sued for wrongful dismissal and rape by an employee with whom he had an affair.,
prime_s7574,Faithful,Movie,Prime Video,Rolf Niklas Berggren,"Clarissa Hoffmann, Ellis Miller",,,2019,13+,14.0,Drama,"One day, Lauren finds her marriage to be in struggles. She tries at any costs to save her marriage, but the truth may not be as it seems.",
disney_tm460711,Free Guy,Movie,Disney+,Shawn Levy,"Ryan Reynolds, Jodie Comer, Joe Keery, Lil Rel Howery",US,2021-01-01,2021,PG-13,114.0,comedy,A bank teller called Guy realizes he is a background character in an open world video game called Free City that will soon go offline.,7.1
netflix_s4739,Becoming Champions,TV Show,Netflix,,,Mexico,2018-08-01,2018,TV-G,1.0,Docuseries,This series looks at the stories behind the athletes and countries that have achieved World Cup champion status.,
netflix_s3871,Code Geass: Lelouch of the Rebellion,TV Show,Netflix,,"Jun Fukuyama, Takahiro Sakurai, Yukana, Ami Koshimizu, Kaori Nazuka, Fumiko Orikasa, Sayaka Ohara, Noriaki Sugiyama, Takahiro Mizushima, Soichiro Hoshi, Yuko Goto",Japan,2019-05-01,2008,TV-MA,2.0,Anime Series,A high-schooler who's granted powers to make anyone instantly obedient dons a mask to lead Japan's rebellion against a long-invading Britannia.,
netflix_s4490,Best.Worst.Weekend.Ever.,TV Show,Netflix,,"Sam Ashe Arnold, Cole Sand, Brianna Reed, Brittany Garms, Alison Becker, Larry Bates, Tiffany Espensen, Rachel Gage, Matt Battaglia, Affion Crockett",United States,2018-10-19,2018,TV-PG,1.0,Kids' TV,"Teenage friends plan an epic trip to Comic-Con to meet their idol, only to get caught in one hilariously awkward predicament after another.",
netflix_s8255,The Congress,Movie,Netflix,Ari Folman,"Robin Wright, Harvey Keitel, Jon Hamm, Paul Giamatti, Kodi Smit-McPhee, Danny Huston, Sami Gayle, Michael Stahl-David, Michael Landes, Sarah Shahi",Israel,2019-08-23,2013,TV-MA,123.0,Dramas,Actress Robin Wright plays herself in this surreal drama about a film star who agrees to have her digital image recorded for reuse in future films.,
disney_ts235499,Critter Fixers: Country Vets,TV Show,Disney+,,"Terrence Ferguson, Vernard Hodges",US,2020-01-01,2020,TV-14,5.0,family,Dr. Hodges and Dr. Ferguson own and operate a bustling veterinary clinic.,8.8
prime_s2158,Hyperdrive,TV Show,Prime Video,,"Nick Frost, Dan Antopoloski, Miranda Hart, Stephen Evans, Petra Massey, Paterson Joseph.",,,2007,TV-PG,2.0,Comedy,"The crew of the HMS Camden Lock return for another season of the critically acclaimed and international award winning sci-fi comedy. It's 2152 and Commander Henderson and his team are powering their way through the galaxy once again, still promoting the tourist wonders and business opportunities of the UK.",
hbomax_tm112614,Chungking Express,Movie,HBO Max,Wong Kar-wai,"Takeshi Kaneshiro, Brigitte Lin, Tony Leung Chiu-wai, Faye Wong",HK,1994-01-01,1994,PG-13,97.0,drama,"Two melancholic Hong Kong policemen fall in love: one with a mysterious underworld figure, the other with a beautiful and ethereal server at a late-night restaurant.",8.0
disney_ts43070,Kirby Buckets,TV Show,Disney+,,"Mekai Curtis, Cade Sutton, Jacob Bertrand",US,2014-01-01,2014,TV-Y7,3.0,action,"This single-camera animation/live-action hybrid comedy revolves around  Kirby Buckets, a kid who dreams of being the biggest animator in the  world. His drawings take shape as he and his best friends, Fish and Eli,  go on outrageous adventures.",4.9
netflix_s1689,We Are the Champions,TV Show,Netflix,,,United States,2020-11-17,2020,TV-MA,1.0,Docuseries,"Explore an array of unique competitions, from the quirky to the bizarre, and meet their passionate communities in this docuseries.",
netflix_s1057,Ajaibnya Cinta,TV Show,Netflix,,,,2021-04-14,2015,TV-PG,1.0,International TV Shows,"Upon returning home from his studies abroad, young grad Akif finds himself involved with four women in this continuation of the series ""Spain Uoolss.""",
netflix_s1963,A Love Song for Latasha,Movie,Netflix,Sophia Nahli Allison,,United States,2020-09-21,2020,TV-PG,20.0,Documentaries,The killing of Latasha Harlins became a flashpoint for the 1992 LA uprising. This documentary evocatively explores the 15-year-old's life and dreams.,
prime_s4658,The Cry of The Owl,Movie,Prime Video,Jamie Thraves,"Paddy Considine, Julia Stiles, Karl Pruner",,,2009,R,100.0,Drama,"A troubled young man retreats from the big city and his ex-wife for the tranquility of a small town. He is drawn into a relationship with a young woman whose boyfriend goes missing, leaving the new arrival as a suspect.",
netflix_s1531,Schulz Saves America,TV Show,Netflix,Alexx Media,Andrew Schulz,United States,2020-12-17,2020,TV-MA,1.0,Stand-Up Comedy & Talk Shows,Comedian Andrew Schulz takes on the year's most divisive topics in this fearlessly unfiltered and irreverent four-part special.,
prime_s4803,Sergeant Cooper the Police Car - Real City Heroes (RCH),Movie,Prime Video,,,,,2015,ALL,13.0,Kids,"RCH is all about our city heroes - policemen, firefighters, ambulance crew and even a garbage truck. In this cartoon you will meet Sergeant Cooper the Police Car who will take you around the city to make sure everything is okay. With Sergeant Cooper you will pull over a speeding car, help a car with a bent wheel and at the end catch a bad guy!",
netflix_s223,Clickbait,TV Show,Netflix,Brad Anderson,"Zoe Kazan, Betty Gabriel, Adrian Grenier, Phoenix Raei, Abraham Lim, Jessica Collins, Camaron Engels, Jaylin Fletcher, Liz Alexander, Joyce Guy, Daniel Henshall, Ian Meadows, Jamie Timony, Steve Mouzakis, Becca Lish",,2021-08-25,2021,TV-MA,1.0,Crime TV Shows,"When family man Nick Brewer is abducted in a crime with a sinister online twist, those closest to him race to uncover who is behind it and why.",
prime_s3435,A Century of the Queen Mother: 100 Years in 100 minutes,Movie,Prime Video,Alan Scales,"Queen Elizabeth, Valerie Singleton",,,2000,ALL,101.0,Documentary,"Presented by Valerie Singleton, this remarkable portrait digs beneath the surface to present a balanced but vivid portrait of this exceptional royal. This one-of-a-kind documentary examines her love for her husband and daughters, her support for the institution of monarchy, her animosity towards Mrs. Simpson and Princess Diana and her extravagant lifestyle and love of racing, gardens and fashion.",
hbomax_tm98395,Nine to Five,Movie,HBO Max,Colin Higgins,"Jane Fonda, Lily Tomlin, Dolly Parton, Dabney Coleman",US,1980-01-01,1980,PG,110.0,comedy,"Frank Hart is a pig. He takes advantage in the grossest manner of the women who work with him. When his three assistants manage to trap him in his own house they assume control of his department and productivity leaps, but just how long can they keep Hart tied up?",6.9
hbomax_tm998830,Black Art: In the Absence of Light,Movie,HBO Max,Sam Pollard,"Kerry James Marshall, Kehinde Wiley, Carrie Mae Weems, Amy Sherald",US,2021-01-01,2021,,85.0,documentation,"An introduction to the work of some of the foremost Black visual artists working today, inspired by the late David Driskell's landmark 1976 exhibition, ""Two Centuries of Black American Art.""",7.3
netflix_s6436,Cave,Movie,Netflix,Henrik Martin Dahlsbakken,"Heidi Toini, Benjamin Helstad, Mads Sjogard Pettersen, Ingar Helge Gimle",Norway,2017-06-15,2016,TV-MA,77.0,Action & Adventure,"Torn between old camaraderie and recent tensions, three ex-soldiers reunite to explore a deadly cave but soon discover terror beyond all expectations.",
prime_s120,Where is Chicky? - Chapter Three,Movie,Prime Video,William Hoareau,,,,2019,ALL,22.0,Animation,"Nobody knows where Chicky is exactly. We just know he is cute and deeply naïve. In this compilation, follow Chicky the cartoon bird as he encounters a magnet, tennis ball launcher, rocket, and many more!",
netflix_s8235,The Cakemaker,Movie,Netflix,Ofir Raul Graizer,"Sarah Adler, Tim Kalkhof, Roy Miller, Zohar Shtrauss, Sandra Sade, Tamir Ben-Yehuda, Stephanie Stremler, Tagel Eliyahu",Israel,2018-12-04,2017,TV-14,109.0,Dramas,"When a German baker travels to Jerusalem in search of his dead male lover’s family, his growing involvement with them may expose his truth.",
netflix_s7022,Hulk Vs.,Movie,Netflix,"Sam Liu, Frank Paur","Fred Tatasciore, Matthew Wolf, Graham McTavish, Grey DeLisle, Kari Wahlgren, Bryce Johnson, Janyse Jaud, Jay Brazeau, Jonathan Holmes, Paul Dobson, Michael Adamthwaite, French Tickner, Nicole Oliver, Qayam Devji, Steve Blum, Mark Acheson, Colin Murdock, Nolan North, Tom Kane",United States,2020-06-01,2009,PG-13,83.0,Action & Adventure,This action-packed animated double feature pits the Hulk against two of the Marvel Universe's most powerful characters: Wolverine and Thor.,
netflix_s8475,The Rap Game,TV Show,Netflix,,Jermaine Dupri,United States,2019-09-15,2016,TV-14,1.0,Reality TV,Young lyricists between the ages of 12 and 16 compete for a chance to sign to Jermaine Dupri's label while being mentored by hip-hop and R&B's finest.,
hbomax_tm159241,Only Lovers Left Alive,Movie,HBO Max,Jim Jarmusch,"Tom Hiddleston, Tilda Swinton, Mia Wasikowska, John Hurt",GB,2013-01-01,2013,R,123.0,drama,"A depressed musician reunites with his lover in the desolate streets of Detroit. Though their romance has endured several centuries, it is tested by the arrival of her capricious and unpredictable younger sister.",7.2
prime_s7204,Indelible,Movie,Prime Video,Ryuichi Tsunoda,,,,2020,13+,74.0,Documentary,"A story of reunion between a father and a son who had lost touch for 18 years. A Chinese Korean boy emigrated to Japan when he was 10 years old, and when he turned 20, he looked for his father, a painter. However, his father was working as a day laborer in Korea and struggling with debts. Out of vanity, he tries to express his love for his child with money...",
netflix_s3363,Arsenio Hall: Smart & Classy,Movie,Netflix,Brian Volk-Weiss,Arsenio Hall,United States,2019-10-29,2019,TV-MA,63.0,Stand-Up Comedy,"In his first stand-up special, Arsenio Hall discusses getting older, the changing times and culture, social issues and even bothersome baby toes.",
netflix_s1660,Hard Kill,Movie,Netflix,Matt Eskandari,"Jesse Metcalfe, Bruce Willis, Natalie Eva Marie, Lala Kent, Texas Battle, Swen Temmel, Sergio Rizzuto, Tyler Jon Olson, Jon Galanis",United States,2020-11-23,2020,R,98.0,Action & Adventure,"When a billionaire hires a team of mercenaries for protection, they soon realize world-changing technology and his daughter’s life are also at stake.",
prime_s7795,Nee Naan Nizhal,Movie,Prime Video,John Robinson,"Ishitha Chauhan, Arjun Lal, R. Sarathkumar, Devan, Manoj K. Jayan, M. S. Bhaskar",,,2014,13+,120.0,Drama,"Five people get murdered in Malaysia and the cop who investigates the crime finds out that they have a common Facebook friend - Asha Black. Meanwhile, a young man from India comes to the country to meet Asha, after she befriends him on Facebook!",
disney_tm857985,Stargirl,Movie,Disney+,Julia Hart,"Grace VanderWaal, Graham Verchere, Karan Brar, Maximiliano Hernández",US,2020-01-01,2020,PG,107.0,drama,"Leo Borlock is an average student at Mica High School. He gets decent grades, is a member of the school's marching band and has always been content flying under the radar. But all that changes when he meets Stargirl Caraway, a confident and colorful new student with a penchant for the ukulele, who stands out in a crowd. She is kind, finds magic in the mundane and touches the lives of others with the simplest of gestures. Her eccentricities and infectious personality charm Leo and the student body, and she quickly goes from being ignored and ridiculed to accepted and praised, then back again, sending Leo on a rollercoaster ride of emotions.",6.2
prime_s4672,H.H. Holmes: America's First Serial Killer,Movie,Prime Video,John Borowski,"Tony Jay, Willy Laszlo, BEKA",,,2008,16+,65.0,Documentary,"At the height of his criminal career, the infamous Dr. H.H. Holmes designed his castle of horrors in Chicago, where he rented rooms to unsuspecting victims visiting the 1893 World's Fair. Further benefiting from his victims, Holmes sold their skeletons to local medical schools.",
netflix_s5220,Seven and Me,TV Show,Netflix,,"Leila Jolene, Flavio Parenti, Josefin Asplund",France,2017-10-15,2017,TV-Y,1.0,Kids' TV,A little girl discovers she’s the modern-day descendant of Snow White when seven dwarfs arrive at her suburban home to serve as her guardian angels.,
netflix_s7838,Ready,Movie,Netflix,Anees Bazmee,"Salman Khan, Asin, Paresh Rawal, Mahesh Manjrekar, Anuradha Patel, Manoj Pahwa, Manoj Joshi, Puneet Issar, Sharat Saxena, Akhilendra Mishra, Zarine Khan, Arya Babbar",India,2017-10-22,2011,TV-PG,144.0,Comedies,"Bollywood superstar Salman Khan plays Prem, an heir to a perfume fortune who falls in love with the wrong woman in this romantic comedy.",
disney_tm201422,I Hate Christian Laettner,Movie,Disney+,Rory Karpf,"Rob Lowe, Ken Jeong, Verne Troyer, Mike Krzyzewski",,2015-01-01,2015,,90.0,documentation,"He made perhaps the most dramatic shot in the history of the NCAA basketball tournament. He's the only player to start in four consecutive Final Fours, and was instrumental in Duke winning two national championships. He had looks, smarts and game. So why has Christian Laettner been disliked so intensely by so many for so long? Maybe it was the time he stomped on the chest of a downed player, or the battles he had with his teammates, or a perceived sense of entitlement. But sometimes, perception isn't reality. ""I Hate Christian Laettner"" will go beyond the polarizing persona to reveal the complete story behind this lightning rod of college basketball. Featuring extensive access to Laettner, previously unseen footage and perspectives from all sides, this film will be a ""gloves-off"" examination of the man who has been seen by many as the ""Blue Devil Himself."" - Written by Anonymous",
hbomax_ts330312,Phoenix Rising,TV Show,HBO Max,,"Evan Rachel Wood, Sara Wood, Ira David Wood III, Ira David Wood IV",US,2022-01-01,2022,TV-MA,1.0,documentation,"Actress and activist Evan Rachel Wood takes her experience as a survivor of domestic violence and pursues justice, heals generational wounds, and reclaims her story. Almost a decade after escaping a dangerous relationship, Wood co-authors and successfully lobbies for passage of The Phoenix Act, legislation that extends the statute of limitations for domestic violence cases in California.",7.1
netflix_s648,The Parisian Agency: Exclusive Properties,TV Show,Netflix,,"Olivier Kretz, Sandrine Kretz, Valentin Kretz, Martin Kretz, Louis Kretz",,2021-06-23,2021,TV-G,1.0,International TV Shows,This reality series follows the Kretz family and their luxury property business as they help clients buy and sell fabulous homes in France and abroad.,
netflix_s5287,Frequency,TV Show,Netflix,,"Peyton List, Riley Smith, Mekhi Phifer, Devin Kelley, Lenny Jacobson, Daniel Bonjour, Anthony Ruivivar",United States,2017-09-04,2016,TV-14,1.0,Crime TV Shows,"A detective seizes a precious opportunity to change the past when she finds she can communicate with her deceased, estranged father via a time warp.",
prime_s8787,Pinkfong! Healthy Habit Songs,TV Show,Prime Video,,,,,2021,ALL,1.0,Animation,"Sing with Pinkfong and learn how to form healthy habits. From teamwork to regulating emotions, Pinkfong and friends will guide your children to be a healthy kid!",
netflix_s7434,Medium,Movie,Netflix,Jacek Koprowicz,"Władysław Kowalski, Michał Bajor, Jerzy Zelnik, Jerzy Stuhr, Grażyna Szapołowska, Jerzy Nowak, Ewa Dałkowska, Piotr Machalica, Zygmunt Zintel, Henryk Bista",Poland,2019-10-01,1985,TV-MA,90.0,Horror Movies,"In 1930s Poland, a powerful psychic steers a group of strangers toward a fated convergence that ensures survival for one and annihilation for others.",
prime_s5068,Savitri,Movie,Prime Video,Pavan Sadineni,"Nara Rohit, Nanditha",,,2016,13+,124.0,Romance,"Savitri is a girl who is fascinated with wedding ceremonies. When she gets engaged, she travels to Shirdi and in the train she meets a doctor Rishi, who falls in love with her. Meanwhile, ..",
netflix_s4997,Bullet Head,Movie,Netflix,"Paul Solet, Rick Benattar","Adrien Brody, John Malkovich, Rory Culkin, Antonio Banderas, Ori Pfeffer, Alexandra Dinu, Owen Davis, Deyan Petrov",Bulgaria,2018-03-07,2017,R,94.0,International Movies,"After a daring heist, three fugitives lock themselves in a warehouse hoping to evade the police, but find a worse threat as they fight to stay alive.",
prime_s4246,Lady You Shot Me: The Life and Death of Sam Cooke,Movie,Prime Video,David Czarnetzki,"John Antonelli, Denise Dowse, Bill Gardner, Zelda Sands, Al Schmit, Eugene Jamison",,,2019,13+,75.0,Documentary,"Sam Cooke, the most influential black pop star of his time, was shot dead at the age of 33 in a seedy motel in South Los Angeles. Uncover the mystery surrounding the death of The King of Soul, civil rights activist, and writer of such songs as ""(What a) Wonderful World,"" ""Twistin' the Night Away,"" and ""Chain Gang"" who contributed to the rise of the world's best-known soul icons.",
netflix_s4996,Ladies First,Movie,Netflix,Uraaz Bahl,,India,2018-03-08,2018,TV-G,40.0,Documentaries,"Born amid poverty and limited women's rights in the village of Ratu, India, Deepika Kumari rose to become the No.1 female archer in the world at 18.",
hbomax_ts287299,Property Brothers: Forever Home,TV Show,HBO Max,,"Drew Scott, Jonathan Silver Scott",US,2019-01-01,2019,TV-G,7.0,reality,"Drew and Jonathan Scott are on a mission to help couples transform their houses into forever homes where they can put down roots and happily spend their lives. But before that can happen, they need Drew and Jonathan to unlock the full potential of their house and renovate it into the home of their dreams.",6.6
prime_s6513,The Red House,Movie,Prime Video,Delmer Daves,"Edward G. Robinson, Lon McCallister, Judith Anderson, Rory Calhoun, Allene Roberts, Julie London",,,1947,13+,100.0,Drama,"An old man and his sister are concealing a terrible secret from their adopted teen daughter, concerning a hidden abandoned farmhouse, located deep in the woods on their sprawling property.",
prime_s6846,Takedown,Movie,Prime Video,Raul Inglis,"Lou Diamond Phillips, Estella Warren, Deborah Kara Unger",,,2010,R,97.0,Action,A security guard uncovers more than he bargained for.,
prime_s9377,Nootokka Jillala Andagadu,Movie,Prime Video,Rachakonda Vidyasagar,"Avasarala Srinivas, Ruhani Sharma",,,2021,ALL,119.0,Comedy,"Gotti Satyanarayana or GSN, a man with premature baldness is unmarried and works at a real estate company. There he meets the beautiful Anjali, and the sparks fly between the two. GSN keeps his baldness hidden from Anjali and the people around him. What happens once his secret gets out? Will Anjali still be with him? Forms the rest of the story.",
hbomax_tm139536,Mystic River,Movie,HBO Max,Clint Eastwood,"Sean Penn, Tim Robbins, Kevin Bacon, Laurence Fishburne",US,2003-01-01,2003,R,138.0,drama,The lives of three men who were childhood friends are shattered when one of them has a family tragedy.,7.9
netflix_s1672,The App That Stole Christmas,Movie,Netflix,Monica Floyd,"Jackie Long, Diane Marie Howard, Jaylin Hall, Miguel A. Núñez Jr., Ray J, JayQ The Legend, J. Anthony Brown, Kenny Rhodes, Amber Cosich",United States,2020-11-20,2020,TV-PG,64.0,Children & Family Movies,"A tech entrepreneur's Christmas shopping app is a smashing success, but he starts to realize his invention might be ruining the holiday spirit.",
netflix_s2985,Omniscient,TV Show,Netflix,,"Carla Salle, Sandra Corveloni, Jonathan Haagensen, Guilherme Prates, Luana Tanaka, Marcello Airoldi, Marco Antônio Pâmio",Brazil,2020-01-29,2020,TV-MA,1.0,International TV Shows,"In a city where citizens are monitored 24/7, a tech employee must outsmart her surveillance drone in order to investigate a murder.",
prime_s3541,15-Minute Full Body Challenge 7.0 Workout (with weights),Movie,Prime Video,,Maggie Binkley,,,2019,ALL,22.0,Fitness,"A great workout to start your week, this full body challenge with weights will require every muscle in your body to work hard – spiking your heart rate, burning calories & strengthening your body head to toe. Begin after 4+ weeks in Series 6.0. Head to my website (FitnessMaggie) for the 7.0 weekly schedule (6 efficient workouts/week), yoga series schedules & more.",
prime_s2153,I Capture The Castle,Movie,Prime Video,Tim Fywell,"Romola Garai, Henry Thomas, Rose Byrne, Bill Nighy, Richard Shelton, Tara Fitzgerald, Marc Blucas, Henry Cavill, Sinéad Cusack",,,2003,R,113.0,Arthouse,"A love story set in 1930s England that follows 17-year-old Cassandra Mortmain, and the fortunes of her eccentric family, struggling to survive in a decaying English castle.",
prime_s5272,Lamhe,Movie,Prime Video,Yash Chopra,"Anil Kapoor, Sridevi, Anupam Kher, Waheeda Rehman",India,,1991,ALL,188.0,Drama,"Viren (Anil Kapoor) comes to India, he is captivated by Pallavi (Sridevi). When he learns she's spoken for, he returns. When he gets the news of Pallavi and her husband dying and leaving their daughter Pooja (Sridevi) behind, Viren ensures she is taken care of. 20 years on, Viren comes back to India and sees Pooja - a spitting image of her mother! What follows is a life-changing turn of events.",
prime_s1483,Niko and the Sword of Light,TV Show,Prime Video,,"アンドレ･ロビンソン, カリ･ワールグレン, トム･ケニー",,,2019,ALL,3.0,Kids,"The Dark Champion pursues Niko, Lyra, and their friends as they race to find the Amulet of Power before Nar Est and their foes. They journey across the land, under the sea, and beyond the realm of the living, where Niko seeks to discover his true purpose… and a way to rid the world of Darkness once and for all.",
prime_s1569,Murder with Music,Movie,Prime Video,George P. Quigley,"Bob Howard, Milton Williams",,,1941,NR,57.0,Drama,The beautiful Nellie Hill has many admirers but when one of them gets killed all the others are suspected.,
prime_s7128,Act 4 - Title before 1C onboarding 2,Movie,Prime Video,1,1,,,2021,ALL,61.0,Action,1,
prime_s8745,From The Files of Joseph Wambaugh: A Jury of One,Movie,Prime Video,Alan Metzger,"John Spencer, Eddie Velez, Rachel Ticotin",,,1992,16+,93.0,Drama,"An action-drama about an LAPD Homicide Detective and his struggles with gang related crime on the streets, the difficulties of working within the legal system and his own personal conflict about the accidental shooting death of a fellow officer.",
appletv_ts288980,Hello Tomorrow!,TV Show,Apple TV+,,"Billy Crudup, Haneefah Wood, Hank Azaria, Alison Pill",US,2023-01-01,2023,TV-MA,1.0,drama,"In a retro-future world, a group of traveling salesmen hawk lunar timeshares. Among them is Jack, a salesman of great talent and ambition, whose unshakeable faith in a brighter tomorrow inspires his coworkers, revitalizes his desperate customers but threatens to leave him dangerously lost in the very dream that sustains him.",6.3
prime_s107,Why I Ran,TV Show,Prime Video,,,,,2008,TV-PG,1.0,TV Shows,"Across the country, real-life high-speed police chases rivet viewers to their TV screens. We've heard the eyewitness accounts, seen the police point of view, but no one has ever been able to go inside the mind of the driver, until now.",
disney_ts22263,Timon & Pumbaa,TV Show,Disney+,,"Ernie Sabella, Kevin Schon, Quinton Flynn, Corey Burton",US,1995-01-01,1995,TV-Y,8.0,comedy,"Set after the events of the ""The Lion King,"" follow Timon and Pumbaa as they go on misadventures in the jungle, as well as across the globe in various.",7.0
prime_s6798,Piccadilly Jim,Movie,Prime Video,John McKay,"Sam Rockwell, Frances O' Conner, Tom Wilkinson",,,2004,16+,94.0,Comedy,"Set in the 1930s, an American with a scandalous reputation on both sides of the Atlantic must do an about-face in order to win back the woman of his dreams.",
hbomax_tm31791,Dim Sum Funeral,Movie,HBO Max,Anna Chi,"Kelly Hu, Steph Song, Talia Shire, Julia Nickson",CA,2008-01-01,2008,R,95.0,drama,"An Irish funeral has a wake. A Jewish funeral has sitting shiva. A traditional Chinese funeral is something else entirely. Thats what the estranged siblings of the Chinese-American Xiao family must undergo upon news of their mothers death. The one brother and three sisters dont get along, however they share one thing: hatred for their domineering and manipulative mother, the Dragon Lady.""",5.3
prime_s3998,Seberg,Movie,Prime Video,Benedict Andrews,"Kristen Stewart, Jack O’Connell, Margaret Qualley, Zazie Beetz, Yvan Attal, Stephen Root, Colm Meany, Vince Vaughn, Anthony Mackie",United Kingdom,,2020,R,103.0,Drama,"Inspired by true events about the French New Wave darling and Breathless star, Jean Seberg – this noir-ish thriller by Benedict Andrews shows the unraveling and destruction of Seberg’s life and career when Hoover’s 1960’s FBI targets her with overreaching surveillance and harassment in an effort to suppress and discredit her activism and support of the civil rights movement.",
hbomax_ts127358,Rachel Dratch's Late Night Snack,TV Show,HBO Max,,Lauren Flans,US,2016-01-01,2016,,2.0,comedy,"Waitress Rachel is not busy at her, open all night, diner. Therefore she has time to create sketches to stave off the boredom. While we, the viewing public who are light sleepers like me (obviously), join Rachel in her comedy fantasy world. I also dream up funny situations but don't have a killer job like Rachel. Cream and sugar?",5.0
disney_tm1299589,Willow: Behind the Magic,Movie,Disney+,Adam Countee,"Warwick Davis, Ron Howard, Kathleen Kennedy, Michelle Rejwan",US,2023-01-01,2023,PG,33.0,documentation,"Featuring the breakout stars from the series and returning legends, this documentary takes viewers behind the scenes for an in-depth look at the making of the hit original series.",
prime_s5022,Journey's End,Movie,Prime Video,Saul Dibb,"Sam Claflin, Asa Butterfield, Paul Bettany, Toby Jones, Tom Sturridge, Stephen Graham",,,2018,R,107.0,Drama,"The Great War - March, 1918. C-company arrives to take its turn in the front-line trenches of northern France, led by war-weary Captain Stanhope. With a German offensive imminently approaching, the company anxiously awaits their unknown fate.",
disney_tm187779,Life with Mikey,Movie,Disney+,James Lapine,"Michael J. Fox, Christina Vidal, Nathan Lane, Victor Garber",US,1993-01-01,1993,PG,91.0,comedy,"Michael Chapman, a former child TV star, runs a struggling talent agency specilizing in child acts. When a young girl off the street puts on a real performance after he catches her picking his pocket, he may have just found the next big thing.",5.6
prime_s3529,15-Minute Lower Body Chisel 1.0 Workout,Movie,Prime Video,,Maggie Binkley,,,2016,ALL,20.0,Fitness,No Equipment Workout. Tip: Do Series 1.0 for 4+ weeks before moving onto Series 2.0. A 15-minute weekly workout designed to burn mega-calories and chisel the lower half. Great for all fitness levels. Find the Weekly Workout Schedule for this Series 1.0 (and more) on my website (FitnessMaggie).,
prime_s8763,Act 2 - Series 2,TV Show,Prime Video,,1,,2021-09-19,2021,13+,2.0,Action,2,
prime_s2003,Josh Blue: Delete,Movie,Prime Video,Frank J. Ishizaki,Josh Blue,,,2016,,60.0,Arts,"In his latest one-hour special, Delete, Josh Blue reveals that he is just as twisted on the inside, as he is on the outside. Shot in his hometown of Denver, this hilariously thought provoking performance provides a glimpse into his day-to-day life.",
netflix_s8712,Weeds on Fire,Movie,Netflix,Chi Fat Chan,"Liu Kai Chi, Lam Yiu-sing, Tony Tsz-Tung Wu, Poon Chan-leung, Sun Li Man, Tam Sin Yin, Sham Ka Ki, Wang Simin, Jan Lamb",Hong Kong,2018-09-27,2016,TV-MA,95.0,Dramas,"In 1980s Hong Kong, a school principal forms a baseball team with an eclectic crew of local students who soon fight their way to the top of the league.",
prime_s9292,The Ice Forest,Movie,Prime Video,Claudio Noce,"Emir Kusturica, Kseniya Rappoport, Domenico Diele, Adriano Giannini",,,2014,13+,107.0,Action,"As a snowstorm is about to rage, a young technician arrives in a high-altitude town to repair its electric power plant. He quickly discovers that it is used for sinister purposes.",
netflix_s8421,The Men Who Stare at Goats,Movie,Netflix,Grant Heslov,"George Clooney, Ewan McGregor, Jeff Bridges, Kevin Spacey, Stephen Lang, Robert Patrick, Waleed Zuaiter, Stephen Root, Glenn Morshower, Nick Offerman, Tim Griffin, Rebecca Mader",United States,2019-06-04,2009,R,94.0,Comedies,"A journalist latches onto an unbelievable story in Iraq when he meets Lyn, a man of mysterious origins who reveals he was a ""warrior monk.""",
disney_tm72065,The Odd Life of Timothy Green,Movie,Disney+,Peter Hedges,"Jennifer Garner, Joel Edgerton, Ron Livingston, Rosemarie DeWitt",US,2012-01-01,2012,PG,105.0,drama,"A childless couple bury a box in their backyard, containing all of their wishes for an infant. Soon, a child is born, though Timothy Green is not all that he appears.",6.6
prime_s795,Templar Nation,Movie,Prime Video,Brian Vance,"Erik Estrada, Richard Dutcher, Joseph James, Cristina Segovia, Todd Frost, Natalie Paige WillisonSegovia,  Todd Frost,  Natalie Paige Willison",,,2013,13+,84.0,Adventure,"After an archaeologist and his students excavate a Templar Knight's tomb, they are thrown into the middle of an ancient blood feud. They must either follow the Templar's ancient path or face destruction at the hands of a dark league of assassin.",
netflix_s2755,Greater,Movie,Netflix,David Hunt,"Neal McDonough, Leslie Easterbrook, Christopher Severio, Michael Parks, Nick Searcy, Peter Gray Lewis, Fredric Lehne, M.C. Gainey, Texas Battle, Josh Emerson",United States,2020-03-31,2016,PG,131.0,Children & Family Movies,Faith and determination transform a talentless football player at the University of Arkansas into an All-American in this inspiring true story.,
netflix_s5737,Pup Star,Movie,Netflix,Robert Vince,"Makenzie Moss, Jed Rees, David DeLuise, Carla Jimenez, Tom Everett Scott, Diedrich Bader, George Newbern, Bonnie Somerville, John Ratzenberger",Canada,2016-10-29,2016,G,92.0,Children & Family Movies,"After a singing pup with big dreams of stardom gets dognapped and escapes with a friend's help, her journey home is a fun, music-filled adventure.",
netflix_s6936,Hart of Dixie,TV Show,Netflix,,"Rachel Bilson, Jaime King, Cress Williams, Wilson Bethel, Scott Porter, Tim Matheson, Kaitlyn Black, Ross Philips",United States,,2014,TV-PG,4.0,TV Comedies,Fast-talking city girl Zoe Hart winds up patching up the locals of a tiny town in the Deep South when she inherits a medical practice in Alabama.,
disney_tm1171809,The Wonderful Winter of Mickey Mouse,Movie,Disney+,"Ryan Gillis, Eddie Trigueros, William Reiss","Chris Diamantopoulos, Kaitlyn Robrock, Bill Farmer, Tony Anselmo",US,2022-01-01,2022,G,24.0,animation,The wonder of the winter season takes Mickey Mouse and his friends on a journey through three magical stories.,
prime_s2895,Celebrity Close Calls,TV Show,Prime Video,,Branden Wellington,,,2011,TV-14,1.0,Documentary,"""Celebrity Close Calls"" satisfies the curiosity of fans whose favorite stars lived to tell about how they almost saw the light of death. Firsthand accounts from celebrities including Bret Michaels, Scott Baio, Joely Fisher, Angie Everhart and Gary Busey, combined with re-enactments, piece together the moments they escaped with their life.",
netflix_s7212,Kings,Movie,Netflix,Deniz Gamze Ergüven,"Halle Berry, Daniel Craig, Lamar Johnson, Kaalan Walker, Rachel Hilson, Issac Ryan Brown, Callan Farris, Serenity Reign Brown, Reece Cody, Aiden Akpan",France,2018-10-29,2017,R,87.0,Dramas,A foster mom and her houseful of kids befriend a bitter neighbor after the Rodney King verdict is handed down in 1992 Los Angeles.,
netflix_s7913,S.W.A.T.,Movie,Netflix,Clark Johnson,"Samuel L. Jackson, Colin Farrell, Michelle Rodriguez, LL Cool J, Josh Charles, Jeremy Renner, Brian Van Holt, Olivier Martinez, Reg E. Cathey, Larry Poindexter, Page Kennedy, Domenick Lombardozzi, James DuMont",United States,2021-01-01,2003,PG-13,117.0,Action & Adventure,"A veteran cop is tasked with drafting and training a special weapons and tactics team, who soon find themselves up against an international criminal.",
prime_s30,Yu-Gi-Oh! ARC-V,TV Show,Prime Video,,"Michael Liscio Jr., Emily Bauer",,,2018,TV-Y7,3.0,Action,Get set to swing into action as Yu-Gi-Oh! ARC-V takes its final bow!,
prime_s4123,Rolling Stone: Life And Death Of Brian Jones,Movie,Prime Video,Danny Garcia,"Brian Jones, Anita Pallenberg, Terry O'Neill",,,2020,16+,99.0,Documentary,"Rolling Stone: Life and Death of Brian Jones is the new documentary from acclaimed filmmaker Danny Garcia. Exploring the rise of Brian Jones and the Rolling Stones as well as the untimely death of Jones, Garcia paints an interesting and revealing picture of doomed pop star.",
prime_s8892,The Deadly Treasure of Lake Kivu,Movie,Prime Video,Christoph Würzburger,,,,2010,7+,51.0,Documentary,"In Lake Kivu, on the borders of Rwanda and Congo, there is enough methane gas to supply central Africa's energy needs for generations. But if it explodes - which is a very real danger - it will kill up to two and a half million people living on its shores. This tragi-comic documentary gives us the viewpoints of politicians, fishermen, investors, volcanologists and physicists.",
netflix_s240,Boomika (Telugu),Movie,Netflix,Rathindran R Prasad,"Aishwarya Rajesh, Vidhu, Surya Ganapathy, Madhuri, Pavel Navageethan, Avantika Vandanapu",,2021-08-23,2021,TV-14,122.0,Horror Movies,"Paranormal activity at a lush, abandoned property alarms a group eager to redevelop the site, but the eerie events may not be as unearthly as they think.",
prime_s8224,Where Sleeping Dogs Lie,Movie,Prime Video,Charles Finch,"Sharon STone, Dylan McDermott, Tom Sizemore, Charles Finch, Ron Karabatsos, Brett Cullen, Mary Woronov, Danitz Kingsley",,,1993,R,103.0,Drama,A murder mystery writer misreads the nervous man he bullies in a spooky Hollywood mansion.,
prime_s3036,Blippi - Videos for Kids,TV Show,Prime Video,,Stevin John,,,2016,ALL,1.0,Kids,Blippi in this educational series for toddlers will teach your youngsters through the power of fun! Join Blippi at a few playgrounds and playing with some toys while keeping everything entertaining and educational at the same time!,
prime_s9090,Swimming for Gold,Movie,Prime Video,Hayley MacFarlane,"Peyton List, Daniel Needs",,,2020,UNRATED,91.0,Comedy,A US women’s swim team Olympic hopeful suffers an injury that forces her to put aside her dreams and help the Australian men’s swim team get competition ready.,
prime_s9643,Lunkerville,TV Show,Prime Video,,Michael de Avila,,2021-10-10,2021,13+,2.0,Documentary,"Lunkerville's launches ""Get Folks Fishing"", a social wellness initiative host Mike D hopes will inspire more people to add recreational fishing to their outdoor activities. Each episode is fun-packed with tips, tactics and interesting personalities and features real people with real fish stories. From bass fishing in NYC, to family fun fishing, to ice-fishing, there's something for everyone!",
prime_s6699,Autobiography Mike Tyson,Movie,Prime Video,David Michaels,Mike Tyson,,,2017,PG-13,86.0,Documentary,The candid story of infamous boxerMike Tyson's rise from a life of poverty and petty crime to become the youngest Heavyweight Champion of the World.,
prime_s2211,Highlander: The Source,Movie,Prime Video,Brett Leonard,"Adrian Paul, Thekla Reuten, Peter Wingfield, Jim Byrnes, Cristian Solimeno",,,2007,R,86.0,Action,"The world is falling into chaos and Duncan MacLeod, the Highlander, roams a crumbling city and remembers happier times before the love of his life left.",
hbomax_tm39888,The Dark Knight Rises,Movie,HBO Max,Christopher Nolan,"Christian Bale, Michael Caine, Gary Oldman, Anne Hathaway",US,2012-01-01,2012,PG-13,165.0,drama,"Following the death of District Attorney Harvey Dent, Batman assumes responsibility for Dent's crimes to protect the late attorney's reputation and is subsequently hunted by the Gotham City Police Department. Eight years later, Batman encounters the mysterious Selina Kyle and the villainous Bane, a new terrorist leader who overwhelms Gotham's finest. The Dark Knight resurfaces to protect a city that has branded him an enemy.",8.4
prime_s8105,Patriot Games,Movie,Prime Video,Phillip Noyce,"Harrison Ford, Anne Archer, Patrick Bergin, Sean Bean, James Earl Jones, Thora Birch, James Fox, Samuel L. Jackson, Polly Walker, J.E. Freeman[",United States,,1992,R,117.0,Action,Jack Ryan is caught in the middle of a terrorist attack. Ryan helps to thwart Holmes' assailants and becomes a local hero. But Ryan's act marks him as a target. Now he must return to action to save his family.,
hbomax_tm87965,Little Black Book,Movie,HBO Max,Nick Hurran,"Brittany Murphy, Holly Hunter, Kathy Bates, Ron Livingston",US,2004-01-01,2004,PG-13,111.0,romance,"Determined to learn about her boyfriend's past relationships, Stacy -- who works for a talk show -- becomes a bona fide snoop. With her colleague, Barb, Stacy gets the names of Derek's ex-lovers and interviews them, supposedly for an upcoming show. But what she learns only adds to her confusion, and her plans begin to unravel when she befriends one of the women.",5.3
prime_s4211,Andy Murray: Resurfacing (4K UHD),Movie,Prime Video,Olivia Cappuccini,Andy Murray,United Kingdom,,2019,16+,109.0,Documentary,"A documentary film that tracks the tennis star’s devastating injury journey between 2017-2019. From the front lines of surgical theatres, to the intimate corners of his home, we live alongside and witness Andy at his most vulnerable. Considered Britain’s greatest sportsman ever, we see why Andy puts himself through the unimaginable to get back to the sport he loves.",
prime_s7889,In the Cold Light of Day,Movie,Prime Video,Richard Monks,"Frances Barber, Jim Carter, Stephanie Cole, Bernard Hepton, Ronald Pickup, Margery Withers",,,1994,16+,68.0,Drama,"Richard Monks' RTS-winning film is set in the late 1930s, as electricity arrives in England. Morris's mother wants to impress the neighbors with her new lumbago belt, but Morris is gripped by a passion that will change his life. In electricity he finds a warmth that is missing in his sterile family. They, however, can only destroy it.",
prime_s7494,Go Fish,Movie,Prime Video,Kate Drummond,Kate Drummond,,,2016,13+,72.0,Comedy,"In this coming-of-age story, Erica Clements's blessed life is turned upside down by her mother's death and her father's subsequent depression, which leaves them financially destitute.",
hbomax_ts226211,Invisible Stories (Nextblkgrl),TV Show,HBO Max,,,SG,2020-01-01,2020,,1.0,drama,"Digging deep into the underbelly of familiar neighborhoods in Singapore to shine a light on a side of the island that is rarely seen, this series of short stories reveals the fascinating perspectives of several marginalized, alienated characters who live within the same public housing estate.",7.2
netflix_s5787,"Karol Modzelewski, Łukasz „Lotek” Lodkowski No Offense",Movie,Netflix,,"Karol Modzelewski, Łukasz ""Lotek” Lodkowski",,2016-09-19,2016,TV-MA,65.0,Stand-Up Comedy,"Charismatic comedy pals Karol Modzelewski and Łukasz ""Lotek"" Lodkowski bring their mischievous brand of humor to Warsaw's Klub Hybrydy.",
prime_s4033,Brian Gaar: Jokes I Wrote At Work,Movie,Prime Video,Charlie Fonville,Brian Gaar,,,2015,,60.0,Arts,"In his first hour-long comedy special, Twitter sensation Brian Gaar tackles everything from the challenges of fatherhood to trying to keep his gamer cred in his 30s. Filmed live at the Spider House Ballroom in Austin, Texas.",
hbomax_tm145915,Rio 2,Movie,HBO Max,Carlos Saldanha,"Jesse Eisenberg, Anne Hathaway, Will.i.am, Jamie Foxx",US,2014-01-01,2014,G,101.0,animation,"It's a jungle out there for Blu, Jewel and their three kids after they're hurtled from Rio de Janeiro to the wilds of the Amazon. As Blu tries to fit in, he goes beak-to-beak with the vengeful Nigel, and meets the most fearsome adversary of all: his father-in-law.",6.3
netflix_s3542,Naruto,TV Show,Netflix,Hayato Date,"Junko Takeuchi, Chie Nakamura, Noriaki Sugiyama, Kazuhiko Inoue, Toshihiko Seki, Hidekatsu Shibata, Masako Katsuki, Nana Mizuki",Japan,2019-09-01,2006,TV-14,9.0,Anime Series,"Guided by the spirit demon within him, orphaned Naruto learns to harness his powers as a ninja in this anime adventure series.",
netflix_s2761,Kannum Kannum Kollaiyadithaal,Movie,Netflix,Desingh Periyasamy,"Dulquer Salmaan, Ritu Varma, Rakshan, Niranjani, Gautham Menon, Anish Kuruvilla",India,2020-03-29,2020,TV-14,160.0,Comedies,"A carefree racing enthusiast’s womanizing ways end when he meets the girl of his dreams, but their newfound peace is disrupted by a dangerous killer.",
hbomax_tm21727,Some Kind of Wonderful,Movie,HBO Max,Howard Deutch,"Eric Stoltz, Mary Stuart Masterson, Lea Thompson, Chynna Phillips",US,1987-01-01,1987,PG-13,95.0,drama,"A young tomboy, Watts, finds her feelings for her best friend, Keith, run deeper than just friendship when he gets a date with the most popular girl in school.",7.0
disney_tm757109,The Mouseketeers at Walt Disney World,Movie,Disney+,John Tracy,"Jo Anne Worley, Ronnie Schell, Lisa Whelchel, Julie Piekarski",,1977-01-01,1977,,56.0,family,"Follow the Disco Mice of the New Mickey Mouse Club as they visit America's favorite vacation spot, Walt Disney World!",8.2
hbomax_ts364078,Diary of an Old Home,TV Show,HBO Max,,,US,2022-01-01,2022,,1.0,reality,Homeowners offer an intimate look at the original features and modern renovations that make their old homes unique. They also share their passion for understanding and preserving their properties’ distinct histories.,
netflix_s6823,Galavant,TV Show,Netflix,,"Joshua Sasse, Timothy Omundson, Vinnie Jones, Mallory Jansen, Karen David, Luke Youngblood",United States,,2016,TV-PG,2.0,TV Action & Adventure,"In a time of legend, Galavant the knight embarks on a quest to save his fair lady and become a hero in this tongue-in-cheek musical comedy.",
prime_s8595,The Kings,TV Show,Prime Video,,,,,2021,TV-MA,1.0,TV Shows,Included with Prime until 10/15. Four champions defined one of the greatest eras of boxing history.,
netflix_s3188,Nightflyers,TV Show,Netflix,,"Eoin Macken, David Ajala, Jodie Turner-Smith, Angus Sampson, Sam Strike, Maya Eshet, Brían F. O'Byrne, Gretchen Mol, Miranda Raison",United States,2019-12-02,2018,TV-MA,1.0,TV Horror,"With humankind's future at stake, a group of scientists and a powerful telepath venture into the void aboard a spaceship full of secrets.",
prime_s5115,I Am Watching You,Movie,Prime Video,Maureen Bharoocha,"Madeline Zima, Brian Ames, Lilian Bowden, Lesley-Anne Down",,,2016,18+,85.0,Suspense,"Nora’s life is at a stand-still when she gets writer’s block for her new book deal, but that quickly dissipates as she catches glimpses of her neighbor’s love life through the window. And when the two finally meet, their physical affair gives Nora inspiration for her book.",
prime_s8669,Perfect Day: The Millennium,Movie,Prime Video,Harry Bradbeer,"Claire Goose, Tom Goodman-Hill, Aidan McArdle, Clare Keelan, Bruce MacKinnan",,,2006,16+,95.0,Drama,"It's December 29, 1999 and our group of friends set off to a remote Welsh cottage to celebrate the new Millennium together. It's a couple of years since they left university, a formative time for each member of the gang. But the pressures of being back in the group and the revelation of Pete's infidelity cause the break up of the group's golden couple, Pete and Amy.",
disney_tm362746,Disney’s Fairy Tale Weddings: Holiday Magic,Movie,Disney+,Simon Lythgoe,"Allison Holker, Stephen 'tWitch' Boss, Brian Bosch",US,2017-01-01,2017,PG,58.0,drama,"In the festive special edition hosted by “So You Think You Can Dance” all-star couple tWitch and Allison, the audience will go behind-the-scenes of some of the most spectacular weddings and engagements at Disney destinations around the globe during the holiday season. From a Frozen-inspired, winter wonderland wedding fit for royalty at Walt Disney World Resort in Florida celebrating Dominique and Joseph, to an intimate exchange of vows between Greg and Melanie at Disneyland Resort in California, viewers will be guests to the most talked about nuptials of the year.",
prime_s6350,Not Quite (Para)normal,Movie,Prime Video,J Miller,Nathan Moss,,,2021,13+,70.0,Comedy,"A group of young, inexperience paranormal investigators are in over their heads on their first assignment together as they begin communicating with an entity from the other side.",
disney_tm453779,West Side Story,Movie,Disney+,Steven Spielberg,"Ansel Elgort, Rachel Zegler, Ariana DeBose, David Alvarez",US,2021-01-01,2021,PG-13,157.0,romance,"Two youngsters from rival New York City gangs fall in love, but tensions between their respective friends build toward tragedy.",7.2
netflix_s5545,Deuces,Movie,Netflix,Jamal Hill,"Larenz Tate, Meagan Good, Lance Gross, Antonique Smith, La La Anthony, Rick Gonzalez, Rotimi, Andra Fuller",United States,2017-04-01,2016,TV-MA,88.0,Dramas,"Assigned to go undercover to take down an impenetrable crime ring, a detective finds himself falling under the sway of its enigmatic leader.",
netflix_s4668,​​Kuch Bheege Alfaaz,Movie,Netflix,Onir,"Geetanjali Thapa, Zain Khan Durrani, Shray Rai Tiwari, Mona Ambegaonkar, Chandreyee Ghosh, Barun Chanda, Saheb Bhattacharjee, Shefali Chauhan",India,2018-09-01,2018,TV-14,110.0,Dramas,"After accidentally connecting over the Internet, two strangers form a tight friendship – not knowing they already share a bond.",
netflix_s2700,The Circle France,TV Show,Netflix,,,,2020-04-09,2020,TV-MA,1.0,International TV Shows,"Status and strategy collide in this social media competition where online players flirt, befriend and catfish their way toward 100,000 euros.",
prime_s6413,Halloween Kids Songs by Little Baby Bum,Movie,Prime Video,Cannis Holder,,,,2019,ALL,20.0,Kids,"Enjoy a collection of Halloween kids songs loved by children around the world, including songs such as 'Wheels on the Bus', 'Trick or Treat Song', and 'Let's Carve A Pumpkin Song'. With over 35 million subscribers on Youtube, Little Baby Bum is a fun, educational children's nursery rhyme channel watched globally by kids. Follow Mia and Jacus as they celebrate Halloween!",
prime_s6540,Pink - Love of Girls,TV Show,Prime Video,,"Leticia Chaves, Deborah Steffanie, Dani Scofano, Carol Rocha",,,2021,16+,1.0,Drama,"Pink is a young pop singer, outspoken lesbian, who is very successful among young people of all genders. This season Pink will release her first clip with Tati, who is her main partner. Tati composes most of the group's songs. Bruna is Pink's girlfriend and Gaby is Tati's girlfriend. The two hate each other and Gaby will do everything to disrupt the relationship between Bruna and Pink.",
prime_s8638,Sweet Revenge,Movie,Prime Video,David Morrissey,"Paul McGann, Sophie Okonedo, Steven Mackintosh, Pam Ferris, Susan Lynch, Sarah Smart",,,2001,16+,104.0,Drama,"When Ellen's boyfriend starts an affair with a florist, she embarks on a mission of revenge. After destroying all the flowers in the girl's shop, Ellen ends up in court. Undiscouraged, she contacts the eccentric and mysterious Patrick. He and his team of avengers exact revenge through any means, fair or foul. The only condition of receiving his help is to join the team of avengers.",
netflix_s4408,Treehouse Detectives,TV Show,Netflix,,"Brody Allen, Jenna Davis, Ryan Bartley, Philece Sampler, Leigh Kelly, Abby Trott",South Korea,2018-11-09,2018,TV-Y,2.0,Kids' TV,"When their animal friends need help, brother-and-sister team Toby and Teri use the clues and follow the facts to solve mysteries in their own backyard.",
netflix_s2088,Santana,Movie,Netflix,"Chris Roland, Maradona Dias Dos Santos","Paulo Americano, Raul Rosario, Rapulana Seiphemo, David O'Hara, Hakeem Kae-Kazim, Neide Vieira, Cigano Satyohamba, Nompilo Gwala",South Africa,2020-08-28,2020,TV-MA,107.0,Action & Adventure,Two brothers — one a narcotics agent and the other a general — finally discover the identity of the drug lord who murdered their parents decades ago.,
netflix_s3783,A Thousand Goodnights,TV Show,Netflix,,"Cindy Lien, Nicholas Teo, Yao Ai-ning, Li Chung-lin, Chen Bor-jeng, Miao Ke-li",Taiwan,2019-06-01,2019,TV-14,1.0,International TV Shows,"To carry out her dad's wish and discover her roots, Dai Tian-qing embarks on a journey around Taiwan and finds love and redemption on the way.",
hbomax_tm115617,Showtime,Movie,HBO Max,Tom Dey,"Robert De Niro, Eddie Murphy, Rene Russo, William Shatner",US,2002-01-01,2002,PG-13,95.0,comedy,A spoof of buddy cop movies where two very different cops are forced to team up on a new reality based T.V. cop show.,5.5
prime_s6506,Tyger Tyger,Movie,Prime Video,Kerry Mondragon,"Sam Quartin, Dylan Sprouse, Thea Sofie Loch Næss, Craig Stark, Eden Anne Brolin, Nekhebet Kum Juch, Max Madsen, Alma Martinez, Barbara Palvin",,,2021,18+,92.0,Romance,"During a pandemic, a selfless woman kidnaps a junkie after robbing a pharmacy and hits the road to distribute ""life saving"" medication, but find themselves trapped in the fringe lands of a law-less psychedelic city.",
prime_s2228,Hennessy,Movie,Prime Video,Don Sharp,"Lee Remick, Rod Steiger",,,1975,13+,105.0,Drama,"After his wife and child are killed during violence in Belfast, an Irishman plots to assassinate the Queen of England in revenge...by bombing the British Parliament when the Royal Family is in attendance.",
prime_s8372,The Passion,Movie,Prime Video,Catherine Morshead,"Gina McKee, Paul Nicholls",,,1999,16+,121.0,Drama,"In an isolated village in the stunning North Devon countryside, a young stranger arrives to play the role of Jesus in a Passion Play. Ellie, a local woman, falls in love with him, and before long a passionate affair begins. Small-town gossip and infidelity threaten to shatter the short-lived happiness the couple have found. But what will the day of the performance bring for the lovers?",
prime_s8177,The Possession of Michael King,Movie,Prime Video,David Jung,"Shane Johnson, Julie McNiven, Dale Dickey, Cara Pifko, Cullen Douglas, Ella Anderson, Tomas Arana",,,2014,R,83.0,Horror,"An atheist determined to disprove the existence of the supernatural is consumed by a horrifying evil force that will not release him. Stars Shane Johnson, Dale Dickey, and Julie McNiven",
hbomax_tm44640,Brokedown Palace,Movie,HBO Max,Jonathan Kaplan,"Claire Danes, Kate Beckinsale, Bill Pullman, Jacqueline Kim",US,1999-01-01,1999,PG-13,100.0,drama,"Best friends Alice and Darlene take a trip to Thailand after graduating high school. In Thailand, they meet a captivating Australian man, who calls himself Nick Parks. Darlene is particularly smitten with Nick and convinces Alice to take Nick up on his offer to treat the two of them to what amounts to a day trip to Hong Kong. In the airport, the girls are seized by the police and shocked to discover that one of their bags contains heroin.",6.4
hbomax_tm749734,"Lyle, Lyle Crocodile: The Musical - The House on East 88th Street",Movie,HBO Max,Michael Sporn,"Tony Randall, Liz Callaway, Devon Michaels, Charles Strouse",US,1987-01-01,1987,,25.0,animation,"The Primm family moves into an old brownstone house on East 88th Street, where they find a crocodile named Lyle in their bathtub.",8.2
prime_s6463,Friendmates,TV Show,Prime Video,,"Lukerya Ilyashenko, Artyom Tsukanov, Dmitry Endaltsev, Julia Franz, Artyom Eshkin",,,2021,16+,1.0,Comedy,"Wanting to save up money on their own for the upcoming wedding, Stas and Olya decide to make room and rent out to friends two of the three rooms of the apartment that their parents gave them not so long ago. Viewers will see how characters will learn to take responsibility for their decisions and actions throughout the season and make new true friends.",
prime_s1150,Ritual,TV Show,Prime Video,,,,,2017,TV-NR,1.0,Comedy,"RITUAL. Everyone has one. The pregame prep. The meticulous steps. NFL players, coaches, fans. You. This is the story about two teams (and their fans) playing for Thursday Night Football bragging rights. But before anyone takes the field or the stands, surprisingly intertwined game day rituals unfold.",
prime_s7895,Dragon Half,TV Show,Prime Video,,"Kotono Mitsuishi, Mariko Kouda, Taeko Kawata",,,1993,16+,1.0,Action,Mink-the daughter of a dragon and a retired dragon slayer-sets out on a journey to find love and gets into a fighting tournament along the way!,
netflix_s7815,R.L. Stine's Mostly Ghostly,Movie,Netflix,Richard Correll,"Madison Pettis, Sterling Beaumon, Luke Benward, Brian Stepanek, David DeLuise, Kim Rhodes, Adam Hicks, Ali Lohan, Sabrina Bryan, Rachel Winfree, Diego Acuña",United States,2018-08-01,2008,PG,98.0,Children & Family Movies,"After discovering a pair of young ghosts, a nebbish 11-year-old agrees to help the sibling spirits solve the mystery surrounding their demise.",
netflix_s1006,Keymon and Nani in Space Adventure,Movie,Netflix,,,,2021-04-20,2013,TV-Y,76.0,Children & Family Movies,"For Rohan and his magical pal, Keymon, a trip to visit their grandmother turns into the rescue mission of a lifetime when she is kidnapped by aliens!",
netflix_s5575,One 2 Ka 4,Movie,Netflix,Shashilal K. Nair,"Shah Rukh Khan, Juhi Chawla, Jackie Shroff, Nirmal Pandey, Dilip Joshi, Sahila Chaddha, Suresh Chatwal, Bharat Dabholkar, Baby Gazala, Akash Khurana",India,2017-03-15,2001,TV-14,160.0,Action & Adventure,"When his partner is killed, a young cop is forced to care for the man's four children, and solicits the help of a woman who moves in with them.",
netflix_s2692,Brews Brothers,TV Show,Netflix,,"Alan Aisenberg, Mike Castle, Carmen Flood, Marques Ray",United States,2020-04-10,2020,TV-MA,1.0,TV Comedies,"Two rival brothers must work together to keep their brewery in business, but shenanigans keep foaming up their company with chaos.",
hbomax_tm178091,Johnny Dangerously,Movie,HBO Max,Amy Heckerling,"Michael Keaton, Peter Boyle, Griffin Dunne, Marilu Henner",US,1984-01-01,1984,PG-13,90.0,comedy,"An honest, goodhearted man is forced to turn to a life of crime to finance his neurotic mother's skyrocketing medical bills.",6.5
prime_s922,SpongeBob SquarePants,TV Show,Prime Video,,"Tom Kenny, Bill Fagerbakke, Rodger Bumpass",,,2009,TV-Y7,6.0,Kids,"Who lives in a pineapple under the sea? SpongeBob SquarePants! Follow the adventures of this enthusiastic, optimistic sponge whose good intentions inevitably lead him and his friends into trouble.",
hbomax_tm160494,Stagecoach,Movie,HBO Max,John Ford,"John Wayne, Claire Trevor, Andy Devine, John Carradine",US,1939-01-01,1939,,96.0,western,"A group of people traveling on a stagecoach find their journey complicated by the threat of Geronimo, and learn something about each other in the process.",7.8
prime_s4906,Mitzi Gaynor (2nd Special 1969),Movie,Prime Video,Richard Dunlap,"Mitzi Gaynor, Ross Martin",,,1969,16+,52.0,Arts,"Mitzi Gaynor opens her second special with a dazzling performance of ""Let Go."" Additional songs include ""Poor Papa,"" and ""What'll I Do."" She welcomes guest star Ross Martin (The Wild, Wild, West) for a musical-comedy spoof of Gone with the Wind. Other comedy skits include Mitzi as ""The Kid"" describing a school recital, and as a Hungarian Gypsy performing ""Those Were the Days.""",
netflix_s7051,I'm Sorry,TV Show,Netflix,,"Andrea Savage, Tom Everett Scott, Olive Petrucci",United States,2019-09-13,2019,TV-MA,2.0,TV Comedies,"Life is a series of awkward situations for comedy writer and mom Andrea, thanks to plenty of neuroses and a knack for sticking her foot in her mouth.",
netflix_s2302,Supermarket Sweep,TV Show,Netflix,,,United States,2020-07-02,1993,TV-G,1.0,Reality TV,"In this iconic game show, contestants answer food trivia questions then race against the clock while stuffing their carts for massive grocery gains.",
netflix_s5614,"Michael Bolton's Big, Sexy Valentine's Day Special",Movie,Netflix,"Scott Aukerman, Akiva Schaffer","Michael Bolton, Andy Samberg, Will Forte, Kenny G, Maya Rudolph, Adam Scott, Janeane Garofalo, Brooke Shields, Sinbad, Michael Sheen, Tim Robinson, Bob Saget, Mary Holland, Andy Richter, Colton Dunn, David Theune, Randall Park, Sarah Silverman, Mary Sohn, Fred Armisen, Matthew Kimbrough, Maya Erskine, Louie Anderson, Claudia O'Doherty, Kate Berlant, Baron Vaughn, Zachary Oyama, Casey Wilson, Sarah Shahi, Jimmy Graham, Luka Jones, Akiva Schaffer, Eric André, Scott Aukerman, Nicole Byer, Dave Ferguson, Tim Kalpakis, Mike Hanford, Mircea Monroe, Chris Parnell, Sal Stowers",United States,2017-02-07,2017,TV-MA,54.0,Comedies,"After Santa tells him he needs 75,000 new babies by Christmas to meet toy supply, Michael Bolton hosts a telethon to inspire the world to make love.",
netflix_s7066,Inconceivable,Movie,Netflix,Jonathan Baker,"Gina Gershon, Faye Dunaway, Nicolas Cage, Nicky Whelan, Natalie Eva Marie, Jonathan Baker, James Van Patten",United Kingdom,2018-03-01,2017,R,106.0,Thrillers,A couple trying to conceive invite a woman with a mysterious past to move in with them. But it's an invitation they might come to regret.,
hbomax_ts46320,On the Record with Bob Costas,TV Show,HBO Max,,Bob Costas,US,2001-01-01,2001,TV-14,5.0,sport,"On the Record with Bob Costas is a 12-week long talk show hosted by sportscaster Bob Costas. The show ran for four seasons on HBO from 2001 to 2004 before being revamped into Costas Now.

On the Record with Bob Costas was in a sense, similar to Costas' previous late night talk show, Later, which Costas hosted on NBC from 1988 to 1994. Both programs featured one-on-one interviews with guests ranging from the sports world to the show business world.",5.3
netflix_s6593,Den of Thieves,Movie,Netflix,Christian Gudegast,"Gerard Butler, Pablo Schreiber, O'Shea Jackson Jr., 50 Cent, Meadow Williams, Maurice Compte, Brian Van Holt, Evan Jones, Mo McRae, Kaiwi Lyman",United States,2020-05-01,2018,R,140.0,Action & Adventure,A highly skilled crew of bank robbers plotting a heist at the supposedly impenetrable Federal Reserve faces off against an elite unit of L.A. cops.,
netflix_s5107,Bibi & Tina: Tohuwabohu Total,Movie,Netflix,Detlev Buck,"Lina Larissa Strahl, Lisa-Marie Koroll, Louis Held, Lea van Acken, Emilio Sakraya, Michael Maertens, Martin Seifert",Germany,2017-12-27,2017,TV-14,106.0,Children & Family Movies,Teen witch Bibi and her pal Tina return to the screen to reconcile a runaway girl with her narrow-minded family and save Falkenstein Castle from chaos.,
netflix_s1085,Heaven Official's Blessing,TV Show,Netflix,,"Jiang Guangtao, Ma Zhengyang, Wen Sen, Hu Liangwei, Huang Ying",China,2021-04-09,2020,TV-14,1.0,Anime Series,"Banished to the mortal realm to exorcise ghosts, a deity must reckon with a demon and soon uncovers a dark secret behind the heavenly gods.",
netflix_s6291,Bewildered Bolbol,Movie,Netflix,Khaled Marei,"Ahmed Helmy, Zeina, Shery Adel, Emy Samir Ghanim, Yousef Fawzy, Yasser El Tobgy, Wael Sami, Maryam Saleh",Egypt,2019-06-20,2010,TV-14,112.0,Comedies,A man suffering from amnesia can't seem to choose between the women playing tricks on him.,
netflix_s922,StartUp,TV Show,Netflix,,"Adam Brody, Edi Gathegi, Otmara Marrero, Martin Freeman, Ron Perlman, Addison Timlin, Mira Sorvino",United States,2021-05-04,2018,TV-MA,3.0,Crime TV Shows,An attempt to launder stolen money finances a cryptocurrency that puts entrepreneurs in business with a corrupt FBI agent and a Miami gang.,
prime_s1176,Rev & Roll,TV Show,Prime Video,,,,,2019,TV-Y,1.0,Animation,"Join 8-year-old Rev and his best friend, Rumble-a rambunctious, powerful truck with a puppy personality! Whether they're helping around town or roaring through the wilderness, Rev, Rumble and their friends are always ready to rev and roll!",
hbomax_tm56184,The Dark Knight,Movie,HBO Max,Christopher Nolan,"Christian Bale, Heath Ledger, Michael Caine, Gary Oldman",GB,2008-01-01,2008,PG-13,152.0,drama,"Batman raises the stakes in his war on crime. With the help of Lt. Jim Gordon and District Attorney Harvey Dent, Batman sets out to dismantle the remaining criminal organizations that plague the streets. The partnership proves to be effective, but they soon find themselves prey to a reign of chaos unleashed by a rising criminal mastermind known to the terrified citizens of Gotham as the Joker.",9.0
netflix_s8092,Still,Movie,Netflix,"Chatchai Katenut, Manussa Vorasingha, Tanwarin Sukkhapisit, Poj Arnon","Mai Charoenpura, Akara Amarttayakul, Supakson Chaimongkol, Kachapa Toncharoen, Wiradit Srimalai, Vasana Chalakorn, Ratchanont Sukpragawp, Arisara Thongborisut",Thailand,2018-09-14,2010,TV-MA,100.0,Horror Movies,"A haunted hotel, a body in a water tank, a nightclub fire and a prison death comprise four horror tales taken from Thailand's newspaper headlines.",
prime_s488,The Perfect Stranger,Movie,Prime Video,"Jefferson Moore, Shane Sooter","Pamela Brumley, Jefferson Moore",,,2006,ALL,86.0,Drama,A cynical attorney receives a dinner invitation from a man claiming to be Jesus of Nazareth. Based on the NY Times-Bestselling novel by David Gregory.,
prime_s6622,The incredible story of the lady of the third floor,Movie,Prime Video,Isabel Russinova,"Antonella Salvucci, Isabel Russinova, Roberto della Casa",,,2018,13+,75.0,Suspense,"The action takes place over a weekend and has as its protagonist Mara , a seamstress company that works with silent gray and diligence in a theater district , she is a woman who retired and insecure , she dwell in a condominium equal to those of many cities in the world, divides a room on the third floor with a friend that is exactly her opposite, eccentric and selfish.",
prime_s6965,Black and White in Color,Movie,Prime Video,Jean-Jacques Annaud,"Jean Carmet, Jacques Dufilho, Catherine Rouvel, Jacques Spiesser, Maurice Barrier",,,1976,PG,92.0,Action,"French colonists in Africa find themselves at war with their German neighbors. Deciding that they must do their proper duty and fight the Germans, they promptly conscript the local native population. A young, idealistic French geographer seems to be the only rational person in the town, and he takes over control of the war after several bungles on the part of the others.",
netflix_s6235,Barbie & Her Sisters in a Pony Tale,Movie,Netflix,Kyran Kelly,"Kelly Sheridan, Kazumi Evans, Claire Corlett, Ashlyn Drummond, Alex Kelly, Tabitha St. Germain, Shannon Chan-Kent",United States,2017-10-01,2013,TV-Y,74.0,Children & Family Movies,"Barbie and her sisters set off on a Swiss adventure to the majestic Alps, where they're excited to spend the summer at a fun-filled riding academy!",
prime_s2927,Camelot,Movie,Prime Video,Diane Paloma Eskenazi,,,,2016,ALL,52.0,Animation,"Venture back through the mists of time to the glorious lost age of King Arthur, the sorcerer Merlin and the valiant Knights of the Round Table. Enter into the magical and timeless realm of Camelot! Produced by Golden Films/Directed by Diane Eskenazi",
prime_s3423,A Flying Princess and a Secret Island (Dubbed),Movie,Prime Video,Shinpei Miyashita,,,,2015,ALL,51.0,Anime,"An anime trilogy based on the literary classic 'The Arabian Nights.” A hardworking and curious boy named SINBAD dreams of becoming a sailor and traveling around the world. One day, he encounters a mysterious girl on a flying wooden horse and a group of men who chases her by flying carpets. Flying carpet, iron ship, attacking giant birds, and the secret island… Many hardships remain ahead of him!",
prime_s8453,Wetware,Movie,Prime Video,Jay Craven,"Cameron Scoggins, Morgan Wolk, Nicole Shalhoub, Bret Lada, Aurelia Thierree",,,2020,18+,105.0,Science Fiction,"Wetware is set in a world where people get genetic alterations to take on hard jobs. Programmer Briggs improvises his work on high-end prototypes, especially Kay, to whom he becomes attached. Then Kay escapes and everything changes.",
prime_s3048,Blackbird (4K UHD),Movie,Prime Video,Roger Mitchell,"Susan Sarandon, Kate Winslett, Mia Wasikowska, Sam Neill, Rainn Wilson",,,2020,R,98.0,Drama,"Lily (Susan Sarandon) summons her daughters Jennifer (Kate Winslet) and Anna (Mia Wasikowska) for one final family reunion as she looks to end her battle with a terminal illness. Amid the bittersweet farewell, unresolved feelings surface.",
netflix_s5314,The Lost Brother,Movie,Netflix,Israel Adrián Caetano,"Leonardo Sbaraglia, Daniel Hendler, Ángela Molina, Alián Devetac, Pablo Cedrón, Alejandra Flechner",Argentina,2017-09-01,2017,TV-MA,113.0,Dramas,"While settling the affairs of his murdered mother and brother, a man partners with a local thug in a life insurance scam, putting him on a dark path.",
prime_s7552,Boris and Rufus,TV Show,Prime Video,,,,,2021,ALL,1.0,Animation,"The series follows life and adventures in the backyard where a grumpy dog named Boris and his ferret friend Rufus, who believes to be a dog, live. The two live with the boy Enzo, a boy enchanted by his neighbor, owner of an arrogant cat famous on the internet named Leopoldo",
prime_s3008,Boing: The Play Ranger,TV Show,Prime Video,,,,,2016,ALL,2.0,Animation,"Welcome to the village of Playville! A fun and colorful playground town filled with lovable characters that can transform into playground rides. Even in this world of happiness, unfortunate events happen from time to time. But don't you worry, our Play Rangers: Boing (Lion), Bing Bing (Hippo) and Mongbar (Monkey) are always here to keep the peace in the village so everyone can have fun.",
netflix_s8506,The Show,Movie,Netflix,Giancarlo Esposito,"Josh Duhamel, Giancarlo Esposito, Famke Janssen, Sarah Wayne Callies, Caitlin Fitzgerald, Chris Ellis, Lucia Walters, James Franco",United States,2020-06-01,2017,TV-MA,105.0,Dramas,A disillusioned reality TV host and an idealistic producer are lured by their network into producing a show in which participants kill themselves.,
prime_s6849,On Thin Ice,Movie,Prime Video,Keli Price,"Robbie Rogers, Evander Holyfield, Allyson Felix, Michael Sam, Aimee Mullins, Greg Louganis, Apolo Ohno, Chris Kluwe, Bonnie Blair, Michael Skolnik, Jonny Moseley, Dave Zirin, Leo Manzano, Brian Hansen, Hudson Taylor, Katherine Reutter, J.R. Celski, Charles Hamelin, Frank Hamelin, Eric Heiden, Dan Jansen, Al Trautwig, Bill Mallon, Ed Larson, Michael Berenbaum, Derek Parra, Julie Jaffee Nagel, Jeffrey S. Gurock, Saadia Zahidi, Laura Liswood, Bill Brooks, Philip Brooks, Keli Price",,,2021,18+,77.0,Documentary,'On Thin Ice' calls attention to athletes who have struggled for acceptance not only in sport but in society. The film highlights their collective fight for fairness and examines the parallels between playing the game on the field and making sociopolitical progress off the field.,
netflix_s2628,"Coronavirus, Explained",TV Show,Netflix,,,United States,2020-04-26,2020,TV-PG,1.0,Docuseries,"In 2020, the world changed. This topical series examines the coronavirus pandemic, the efforts to combat it and ways to manage its mental health toll.",
prime_s7643,Brazen Hussies,Movie,Prime Video,Elijah Moshinsky,"Julie Walters, Robert Lindsay, Alun Armstrong, Chrissy Rock",,,1996,18+,85.0,Comedy,"Maureen Hardcastle is furious when her husband Jimmy brings in strippers to boost their pub takings. But on the opening night, she is reunited with her long-lost schoolfriend (the star act) and her boyfriend/manager Billy Bowmans. Then Maureen inherits a fortune and turns the tables on the men by hiring male strippers. Billy has no intention of taking it lying down.",
hbomax_tm101053,The Last Airbender,Movie,HBO Max,M. Night Shyamalan,"Noah Ringer, Dev Patel, Nicola Peltz Beckham, Summer Bishil",US,2010-01-01,2010,PG,103.0,fantasy,"The story follows the adventures of Aang, a young successor to a long line of Avatars, who must put his childhood ways aside and stop the Fire Nation from enslaving the Water, Earth and Air nations.",4.0
netflix_s3890,Money Trap,Movie,Netflix,Yılmaz Erdoğan,"Yılmaz Erdoğan, Kıvanç Tatlıtuğ, Ezgi Mola, Bensu Soral, Rıza Kocaoğlu, Okan Çabalar, Güven Kıraç, Ahmet Mümtaz Taylan",Turkey,2019-04-26,2019,TV-MA,122.0,Comedies,"When his daughter and son-in-law fall prey to a scam, Istanbul con man Asım Noyan meets his match in a madcap kingpin of an underground gambling world.",
prime_s6063,Carrie's War,Movie,Prime Video,Coky Giedroyc,"Keeley Fawcett, Alun Armstrong, Lesley Sharp, Pauline Quirke, Geraldine McEwan, Jack Stanley",,,2004,7+,89.0,Drama,"A heartwarming coming-of-age drama, where childhood fantasy meets grown up reality. It's wartime. As the bombs fall Carrie Willow and her younger brother Nick are evacuated to Wales where they live with the difficult Mr Evans but while there make the most colorful collection of friends.",
prime_s3129,Bear's Wild Weekends,TV Show,Prime Video,,"Bear Grylls, Miranda Hart, Jonathan Ross",,,2012,TV-G,1.0,Action,"Bear Grylls takes Miranda Hart & Jonathan Ross, two of Britain's most high-profile stars, on once-in-a-lifetime adventures over two amazing weekend expeditions to some of the world's most stunning natural environments.",
netflix_s5724,Danger Mouse,TV Show,Netflix,,"Alexander Armstrong, Kevin Eldon, Stephen Fry, Ed Gaughan, Shauna Macdonald, Dave Lamb, Morwenna Banks",United Kingdom,2016-11-09,2016,TV-Y7,2.0,British TV Shows,The world's greatest super-spy returns to save the world with the help of hapless hamster Penfold and a collection of state-of-the-art gadgetry.,
netflix_s3356,KENGAN ASHURA,TV Show,Netflix,,"Tatsuhisa Suzuki, Cho, Jouji Nakata, Yumi Uchiyama, Hayato Kaneko, Tetsu Inada, Yasuyuki Kase, Junya Enoki, Daisuke Namikawa, Ryuzo Hasuike",United States,2019-10-31,2019,TV-MA,2.0,Anime Series,"Ohma Tokita enters a hidden world where corporate disputes are settled in brutal gladiator bouts. Forget the money, he just wants to fight – and win.",
prime_s2883,Charles I Downfall of a King,TV Show,Prime Video,,Lisa Hilton,,,2019,13+,1.0,TV Shows,"Historian Lisa Hilton reveals how this cataclysmic moment in our nation's past was sparked by the events of just 50 days. Across three one-hour episodes, she dissects the dark, Machiavellian world of England's revolution. This timely political thriller shows how Parliament found its mettle, Charles' Divine Right monarchy collapsed and modern democracy took its first steps.",
netflix_s1347,All My Friends Are Dead,Movie,Netflix,Jan Belcl,"Julia Wieniawa-Narkiewicz, Mateusz Więcławek, Adam Graf Turczyk, Monika Krzywkowska, Nikodem Rozbicki, Kamil Piotrowski, Adam Bobik, Paulina Gałązka, Magdalena Perlińska, Katarzyna Chojnacka, Konrad Żygadło, Szymon Roszak, Michał Sikorski, Aleksandra Pisula, Wojciech Łozowski, Michał Meyer, Adam Woronowicz",Poland,2021-02-03,2020,TV-MA,97.0,Comedies,"A group of friends at a New Year’s Eve party go through a whirlwind of events that exposes secrets, breaks hearts — and leads to a shocking outcome.",
netflix_s3205,Chocolate,TV Show,Netflix,,"Ha Ji-won, Yoon Kye-sang, Jang Seung-jo, Kang Bu-ja, Lee Jae-ryong, Min Jin-woong, Kim Won-hae, Yoo Teo",South Korea,2019-11-30,2019,TV-14,1.0,International TV Shows,"Brought together by meaningful meals in the past and present, a doctor and a chef are reacquainted when they begin working at a hospice ward.",
prime_s252,Tumble Leaf,TV Show,Prime Video,,"Christopher Downs, Brooke Wolloff, Zac McDowell, Skyler Brigmann, Addie Zintel, Alex Trugman, John Taylor, Jodi Downs, Alan Franzenburg, Emily Downs",United States,,2019,ALL,6.0,Kids,"Tumble Leaf is a series aimed at preschoolers, set in a whimsical land where a small blue fox named Fig plays each day and discovers adventure, friendship and love around every bend in the path. Children will be enriched by narratives that promote play, the fun of learning and understanding the world around them.",
netflix_s1731,Wrong Kind of Black,TV Show,Netflix,,"Clarence Ryan, Aaron L. McGrath, Lisa Flanagan, Tommy Lewis, Nilbi Yasserie, Christopher Ketchup, Boori Monty Pryor, Jacek Koman, Colin Lane, Arthur Angel, Toby Truslove",Australia,2020-11-06,2018,TV-MA,1.0,International TV Shows,"In 1970s Melbourne, a DJ named Boori Monty Pryor and his brother Paul navigate racial tensions and police encounters amid disco and discrimination.",
netflix_s334,Ferris Bueller's Day Off,Movie,Netflix,John Hughes,"Matthew Broderick, Alan Ruck, Mia Sara, Jeffrey Jones, Jennifer Grey, Cindy Pickett, Lyman Ward, Edie McClurg, Charlie Sheen, Kristy Swanson, Ben Stein, Del Close",United States,2021-08-01,1986,PG-13,103.0,Classic Movies,"After faking an illness to skip school, popular teen Ferris Bueller enjoys a fun-filled day in Chicago with his girlfriend and his uptight best friend.",
prime_s1146,Rob Schneider: Soy Sauce and the Holocaust,Movie,Prime Video,Rob Schneider,Rob Schneider,,,2013,18+,60.0,Arts,"Rob Schneider takes on the biggest role of his life: a stand-up comedian, as he learns lessons about love and other cultures. He tells the side-splitting stories of the three hoods: childhood, adulthood, and parenthood. From closet farts to his sex life, Rob isn't holding back any of the dirty details.",
netflix_s6835,Genius of the Ancient World,TV Show,Netflix,,Bettany Hughes,United Kingdom,2017-08-01,2015,TV-PG,1.0,British TV Shows,"Historian Bettany Hughes travels to India, Greece and China to explore the lives and times of Buddha, Socrates and Confucius.",
netflix_s4394,Muzaffarnagar Baaqi Hai,Movie,Netflix,Nakul Singh Sawhney,,India,2018-11-15,2015,TV-MA,136.0,Documentaries,"Through interviews with locals, this documentary investigates the triggers and outcomes of the 2013 communal riots in the heart of Uttar Pradesh.",
netflix_s3775,Black Mirror,TV Show,Netflix,,"Jesse Plemons, Cristin Milioti, Jimmi Simpson, Rosemarie DeWitt, Douglas Hodge, Andrea Riseborough, Brenna Harding, Owen Teague, Andrew Gower, Kiran Sonia Sawar, Georgina Campbell, Joe Cole, Maxine Peake, Jake Davies, Clint Dyer, Letitia Wright, Babs Olusanmokun, Bryce Dallas Howard, Alice Eve, Michael Kelly, Cherry Jones, Gugu Mbatha-Raw, Mackenzie Davis, Wyatt Russell, Benedict Wong, Kelly Macdonald, Faye Marsay, Madeline Brewer, Hannah John-Kamen, Malachi Kirby, Alex Lawther, Jerome Flynn, James Norton, Rory Kinnear, Lindsay Duncan, Daniel Kaluuya, Jessica Brown Findlay, Rupert Everett, Toby Kebbell, Jodie Whittaker, Hayley Atwell, Domhnall Gleeson, Lenora Crichlow, Michael Smiley, Daniel Rigby, Chloe Pirrie, Jason Flemyng, Jon Hamm, Oona Chaplin, Rafe Spall",United Kingdom,2019-06-05,2019,TV-MA,5.0,British TV Shows,"This sci-fi anthology series explores a twisted, high-tech near-future where humanity's greatest innovations and darkest instincts collide.",
netflix_s7129,Jewel's Catch One,Movie,Netflix,C. Fitz,Jewel Thais-Williams,United States,2018-05-01,2016,TV-MA,84.0,Documentaries,"The story of famed L.A. nightclub Catch One and owner Jewel Thais-Williams, who defied all odds and provided a safe space for black LGBT communities.",
prime_s4314,Razorteeth,Movie,Prime Video,"Mark Polonia, John Polonia",,,,2021,13+,70.0,Horror,"An expedition into the glacial north discovers prehistoric, predatory piranhas frozen in ice. They are removed from their resting place and packed into a plane for scientific research. But en-route to the research site, the plane crashes into a resort lake, causing the ferocious fish to thaw and attack the vacationers there.",
prime_s4289,Garnet's Gold,Movie,Prime Video,Ed Perkins,Garnet Frost,United Kingdom,,2019,13+,76.0,Documentary,"20 years ago, Garnet Frost got lost in the desolate Scottish wilderness where he resigned himself to dying. By chance, he was saved by a fisherman and since has been haunted by a memento from his ordeal. He believes an unusual wooden staff he found is actually a marker for one of history's most famous lost treasures. Now, Garnet is ready to return to the mysterious loch in his quest to find gold.",
prime_s2389,Gangstars (Telugu),TV Show,Prime Video,,"Jagapati Babu, Navdeep, Sidhu, Swetha Basu Prasad, Sivaji, Apoorva Arora, Aiswarya, Krishna Bhagwan, Dhanraj, Posani",,,2018,18+,1.0,International,"Gangstars is set in the genre of ""Jaane Bhi Do Yaaron"". This 12-episode series revolves around two movie stars, two ex-lovers, and a ruthless gangster. It's a dark comedy of interconnecting events and interconnecting lives, stemming from one incident that turns into a roller coaster ride for the characters involved!",
netflix_s6537,Coraline,Movie,Netflix,Henry Selick,"Dakota Fanning, Teri Hatcher, John Hodgman, Jennifer Saunders, Dawn French, Keith David, Robert Bailey Jr., Ian McShane",United States,2017-03-16,2009,PG,101.0,Children & Family Movies,Curious young Coraline unlocks a door in her family's home and is transported to a universe that strangely resembles her own – only better.,
prime_s4865,The woman I lost,Movie,Prime Video,Roberto Rodríguez,"Pedro Infante, Blanca Estela Pavón, Manuel R. Ojeda, Eduardo Arozamena, Silvia Pinal, José Luis Jiménez",,,1949,16+,90.0,Drama,"In defense of his girlfriend Pedro kills the attorney's son. Because of this, helped by the Indians, he has to escape from the father of the deceased. In the persecution Pedro is wounded but healed by Maria, who also helps him escape from the feds.",
prime_s8104,Planet Of The Apes (2001),Movie,Prime Video,Tim Burton,"Mark Wahlberg, Tim Roth, Helena Bonham Carter, Michael Clarke Duncan, Kris Kristofferson, Estella Warren, Paul Giamatti",,,2001,PG-13,120.0,Drama,HD. Tim Burton's eye-popping remake of the 1968 cult classic stars Mark Wahlberg as an astronaut who lands on a planet ruled by apes.,
prime_s6556,"Lo and Behold, Reveries of the Connected World",Movie,Prime Video,Werner Herzog,"Elon Musk, Dr. Robert Kahn, Kevin Mitnick",United States,,2016,PG-13,98.0,Documentary,"Oscar®-nominated documentarian Werner Herzog (Grizzly Man, Cave of Forgotten Dreams) chronicles the virtual world. He leads viewers on a journey that reveals the ways the online world has transformed how virtually everything in the real world works.",
prime_s3534,15-Minute HIIT 6.0 Workout (with weights),Movie,Prime Video,,Maggie Binkley,,,2018,ALL,18.0,Fitness,"This weighted HIIT (high intensity interval training) workout promises to make you sweat to the max and work you to improve leanness, increase endurance & challenge your entire body. Appropriate for all fitness levels (modifications included). Follow Series 6.0 after 4+ weeks in each of Series 1.0-5.0. Find the 6.0 weekly schedule, yoga series schedules and more on my website (FitnessMaggie).",
prime_s6993,Thai Pirandhal Vazhi Pirakkum,Movie,Prime Video,A. K. Velan,"S. S. Rajendran, M. N. Rajam, Prem Nazir, Rajasulochana, V. K. Ramasamy",,,1958,ALL,139.0,Drama,Thai Piranthal Vazhi Pirakkum is a Tamil Emotional Family Drama. Prem Nazir is a doctor and son of V.K.Ramasamy who gives much importance to money. V.K.Ramasamy doesn't like S.S.Rajendran as he supports farmers. Rajasulochana is S.S.Rajendran's sister. Her marriage gets stopped and S.S.Rajendran goes to jail because of V.K.Ramasamy. The rest of the story is how S.S.Rajendran avenges V.K.Ramasamy.,
prime_s4462,Parallel,Movie,Prime Video,Isaac Ezban,"Aml Ameen, Georgia King, Mark O'Brien",,,2020,16+,104.0,Drama,"A group of friends stumble upon a mirror that serves as a portal to a ""multiverse"", but soon discover that importing knowledge from the other side in order to better their lives brings increasingly dangerous consequences.",
prime_s8213,Creature from Big Muddy: An Illinois Bigfoot Legend,Movie,Prime Video,Joseph C Tury,"Chad Lewis, Kevin Lee Nelson, Michael Huntington, Tony Gerard, Coyote Chris Sutton, Bob Musgrave, Bruce Cline, Christian Baril, Bob Reiman, Jessica Van Pelt, Zach D Starrick, Ben Bishop",,,2021,13+,63.0,Documentary,"In the early 1970's in Murphysboro, Illinois, the town was terrorized by a creature that was thought to come out of a local river called the Big Muddy. It was described as an eight foot tall, bigfoot-like creature. Featuring authors of the strange, Chad Lewis and Kevin Lee Nelson, this is an investigative look into the legend of The Big Muddy Monster.",
prime_s1958,KenIchi: The Mightiest Disciple (English Dub),TV Show,Prime Video,,"Josh Grelle, Carrie Savage",,,2007,13+,4.0,Action,"Wishing to protect the things he loves and determined to have the strength to face the increasing adversity, KenIchi must learn various martial arts from the dojo's resident masters, taking Karate, Muay Thai, Ju Jitsu and Chinese Martial Arts and combining them to create his own fighting style!",
prime_s2014,John Brown's Body,Movie,Prime Video,,,,,2004,NR,90.0,Music Videos and Concerts,"JBB let the good vibes flow, stirring an eager crowd into an absolute tizzy at Brooklyn's Southpaw.",
prime_s2232,Heidi,Movie,Prime Video,Alain Gsponer,"Anuk Steffen, Bruno Ganz, Anna Schinz",,,2017,7+,111.0,Adventure,"Based on the biggest Swiss bestseller of all time (written by Johanna Spyri), young orphan girl Heidi lives in the Swiss Alps with her goat herding grandfather. Forced to move into the home of an upper-class Frankfurt family, the energetic child struggles to fit in, longing for the simplicity of her life in the mountains.",
prime_s2437,Four Deuces,Movie,Prime Video,William H. Bushnell Jr.,"Jack Palance, Carol Lynley, Warren Berlinger, Adam Roarke, E.J. Peaker, Gianni Russo",,,1975,PG-13,88.0,Comedy,"Gangster Vic Morano (Palance) owns the speakeasy nightclub The Four Deuces, and is embroiled in an ongoing gang war with rival mob boss and nightclub owner Chico Hamilton during the 1930's Prohibition era. Vic has a notorious a weakness for women, but his humanity begins to surface when he falls for beautiful blonde Wendy (Lynley). But she is in love with Vic's reporter friend. The war ends in a brutal, violent bloodbath where many of the mobsters don't survive. When Vic finds out about Wendy and her reporter, the two lovers may not survive Vic's jealous rage.",
hbomax_tm93027,You Got Served,Movie,HBO Max,Chris Stokes,"Marques Houston, Omarion, J-Boog, Lil' Fizz",US,2004-01-01,2004,PG-13,95.0,drama,"At Mr. Rad's Warehouse, the best hip-hop crews in Los Angeles compete for money and respect. But when a suburban crew crashes the party, stealing their dancers - and their moves - two warring friends have to pull together to represent the street. Starring hip-hop sensations Marques Houston, Omari Grandberry, Lil' Kim and comedian Steve Harvey.",3.8
netflix_s5770,Masha's Spooky Stories,TV Show,Netflix,,,United States,2016-10-01,2012,TV-Y,1.0,Kids' TV,"Masha explains why there's no need to be scared of things like monsters, the dark, going to a new school, thunder and other common childhood fears.",
hbomax_tm1130340,Manuel Turizo Live on Max,Movie,HBO Max,,"Manuel Turizo, Julián Turizo",,2021-01-01,2021,,69.0,music,,
prime_s2349,Gina Brillon: The Floor is Lava,TV Show,Prime Video,,Gina Brillon,,,2020,16+,1.0,Comedy,"Gina Brillon has always had a unique approach to life’s ups and downs; handling them with a humor and sass that comes naturally to the Bronx born Latina. In her third stand up special, Brillon holds no punches when discussing her childhood, culture and the transition from single to married life with her Midwestern husband.",
disney_tm439797,Black Widow,Movie,Disney+,Cate Shortland,"Scarlett Johansson, Florence Pugh, Rachel Weisz, David Harbour",US,2021-01-01,2021,PG-13,134.0,action,"Natasha Romanoff, also known as Black Widow, confronts the darker parts of her ledger when a dangerous conspiracy with ties to her past arises. Pursued by a force that will stop at nothing to bring her down, Natasha must deal with her history as a spy and the broken relationships left in her wake long before she became an Avenger.",6.7
prime_s6080,Someone to Carry Me,Movie,Prime Video,Terry Allen,"Samuel Thomas, Gwendoline Taylor, David Capstick, Scott Harding, Paul Thomas Lewis, Josiah Harrold, Ben Ryan, Tonci Pivac, Tom Easden, India Ryan, Tara Eloise, David McCartney, Florence Salmon, Kahu Carter, Melvin Te Wani, Robert Ireland, Omar Al-Sobky, James Davies",,,2015,16+,99.0,Action,"Dan, an aspiring young musician becomes a target after witnessing a brutal murder. Seeking safety in the company of Michael and Angelica, he is unaware of the peril he places them in, or of the ultimate cost of his decision to run.",
hbomax_tm225652,Shot Heard 'Round the World,Movie,HBO Max,,"Liev Schreiber, Ralph Branca, Bobby Thomson",US,2001-01-01,2001,,60.0,documentation,"With one swing of a bat, Bobby Thomson became a legend. His dramatic home run on October 3, 1951, led the New York Giants to win the National League pennant over the rival Brooklyn Dodgers. This documentary looks at the teams, personalities and events that combined to create one of the most heated pennant races ever witnessed...one that ended with an unforgettable homer.",7.4
prime_s6677,Serena,Movie,Prime Video,Susanne Bier,"Bradley Cooper, Jennifer Lawrence, Rhys Ifans, Toby Jones",,,2015,R,110.0,Drama,"George and Serena Pemberton (Academy Award nominee Bradley Cooper and Academy Award winner Jennifer Lawrence), build a timber empire. They refuse to let anyone stand in the way. Serena discovers George's past and their marriage begins to unravel.",
prime_s5741,My Magic Halloween with Mila and Morphle,Movie,Prime Video,Arthur van Merwijk,,,,2019,ALL,40.0,Kids,"'My Magic Pet Morphle' is an animated hit tv show for toddlers and older kids. Morphle can morph into anything his human companion Mila wants. From dinosaurs to cars, construction vehicles like diggers, dump trucks and cranes to pets like cats dogs and lions! Come celebrate Halloween with Mila and Morphle!",
prime_s6604,A State of Mind,Movie,Prime Video,Mike  Berry,"Elise Neal, Imani Khiry, Jason Floyd, Cameron Woods, Chanel Woods",,,2021,18+,89.0,Drama,"Three generations of Thomas men have all taken their own lives while battling depression. Darius Thomas must decide if he will face the beast head on, or crash right into his family's history.",
prime_s5613,The Host,Movie,Prime Video,Andy Newbery,"Maryam Hassouni, Mike Beckingham, Dougie Poynter",,,2020,16+,103.0,Suspense,"Robert and Vera try to do what's best for the people they love and those they protect. But as the characters struggle to suppress their inner demons, a course of destruction emanates from hidden secrets that can never be escaped.",
hbomax_tm39042,Catch a Fire,Movie,HBO Max,Phillip Noyce,"Tim Robbins, Derek Luke, Bonnie Mbuli, Mncedisi Shabangu",GB,2006-01-01,2006,PG-13,101.0,action,"The true story of anti-apartheid activists in South Africa, and particularly the life of Patrick Chamusso, a timid foreman at Secunda CTL, the largest synthetic fuel plant in the world. Patrick is wrongly accused, imprisoned and tortured for an attempt to bomb the plant, with the injustice transforming the apolitical worker into a radicalised insurgent, who then carries out his own successful sabotage mission.",6.7
prime_s4746,The Wild Blue Yonder,Movie,Prime Video,Werner Herzog,"Brad Dourif, Donald Williams, Ellen Baker",,,2007,16+,80.0,Science Fiction,"An alien narrates the story of his dying planet, his and his people's visits to Earth and Earth's man-made demise, while human astronauts attempt to find an alternate planet for surviving humans to live on.",
netflix_s1189,Get the Goat,Movie,Netflix,Vitor Brandt,"Matheus Nachtergaele, Edmilson Filho, Letícia Lima, Leandro Ramos, Evelyn Castro, Valéria Vitoriano, Victor Allen, Renan Medeiros, Eyrio Okura, Jéssica Tamochunas, Marcondes Falcão, Juliano Cazarré",Brazil,2021-03-18,2021,TV-14,98.0,Action & Adventure,"Two hapless cops find themselves in over their heads as they cross paths with dangerous criminals while searching for Celestina, a beloved goat mascot.",
prime_s1077,Searching for Bobby Fischer,Movie,Prime Video,Steven Zaillian,"Ben Kingsley, Joe Mantegna, Laurence Fishburne, Joan Allen, Robert Stephens, David Paymer, William H. Macy, Max Pomeranc, Michael Nirenberg, Tom McGowan",,,1993,PG,110.0,Drama,Josh is a typical seven-year-old who happens to be a chess prodigy. Josh's Father is determined to see his son become a champion. During their journey of discovery they learn the one thing neither can afford to lose: their love for each other.,
netflix_s4388,Vai Anitta,TV Show,Netflix,,Anitta,Brazil,2018-11-16,2018,TV-MA,1.0,Docuseries,"Go behind the scenes with Brazilian pop icon Anitta, along with her friends and family, as she aims to create a new song and music video each month.",
prime_s1157,Rick Steves' Europe,TV Show,Prime Video,,Rick Steves,,,2018,TV-G,4.0,Documentary,"Rick Steves' Europe is public television's most-watched, longest-running travel series. Written and hosted by best-selling guidebook author Rick Steves, each half-hour show takes viewers to Europe's most interesting places, from great cities to off-the-beaten-path discoveries.",
prime_s4641,Bhoomi,Movie,Prime Video,Omung Kumar,"Sanjay Dutt, Aditi Rao Hydari, Sharad Kelkar, Shekhar Suman, Rahul Verma Rajput, Sidhant Gupta, Riddhi Sen, Puru Chibber, Sunny Leone",India,,2017,13+,133.0,Action,A revenge drama that centers on the relationship between a father and daughter.,
netflix_s8409,The lynx,Movie,Netflix,Stanisław Różewicz,"Jerzy Radziwiłowicz, Franciszek Pieczka, Piotr Bajor, Ryszarda Hanin, Janusz Paluszkiewicz, Henryk Machalica, Hanna Mikuć, Maria Klejdysz",Poland,2019-10-01,1982,TV-14,82.0,Dramas,A priest's duties are tested when a young guerrilla asks for absolution while confessing his plans to murder a local man he believes is a traitor.,
netflix_s5191,The Bittersweet,Movie,Netflix,D Ho,"Min-ho Lee, Zhu Xuan",China,2017-11-01,2017,TV-MA,98.0,Action & Adventure,"As a killer stalks the streets, a troubled young courier suspects that a doctor may be the long-lost sister he hasn't seen since childhood.",
netflix_s7851,Reggie Yates Outside Man,TV Show,Netflix,,Reggie Yates,United Kingdom,,2017,TV-MA,2.0,British TV Shows,"Award-winning filmmaker Reggie Yates travels around the world tackling big issues such as gun violence, racism, gay rights and addiction.",
prime_s5677,Used and Borrowed Time,TV Show,Prime Video,,"Grant Morenz, Maureen O'Connor, Alice Kelly Bahlke, Cam Kornman, Clas Duncan, Marshall Bonny, Emily Seibert, Gavin Rohrer, Ox King",,,2021,18+,1.0,Drama,"Set during the turbulent 1960's, in segregated Alabama and based on a sadistic racist incident in American history – an aging actress is phantasmagorically transported to her past as she relives the tyranny unleashed by a perverted, merciless white supremacist family; witnessing the clan raging a vengeful retaliation upon her ill-fated love affair with an African American civil rights advocate.",
netflix_s3122,Don't F**k with Cats: Hunting an Internet Killer,TV Show,Netflix,Mark Lewis,,United Kingdom,2019-12-18,2019,TV-MA,1.0,Crime TV Shows,A twisted criminal's gruesome videos drive a group of amateur online sleuths to launch a risky manhunt that pulls them into a dark underworld.,
appletv_tm1047516,"Who Are You, Charlie Brown?",Movie,Apple TV+,Michael Bonfiglio,"Lupita Nyong'o, Tyler James Nathan, Terry McGurrin, Isabella Leo",CA,2021-01-01,2021,G,61.0,documentation,"A documentary about Peanuts and its creator, Charles M. Schulz. Famous fans—including Drew Barrymore, Kevin Smith, and Al Roker—share its influence on them, and a new animated story finds Charlie Brown on a quest.",7.2
prime_s5023,Jiang Ziya,Movie,Prime Video,Teng Cheng,"Christopher Sabat, Luci Christian",,,2020,7+,109.0,Animation,"To earn his place amongst the gods, celestial army commander Jiang Ziya must vanquish a terrifying fox demon threatening the very existence of the mortal realm. The follow up to international blockbuster, Ne Zha and second chapter in the Fengshen Cinematic Universe.",
prime_s5711,Gamera: The Giant Monster,Movie,Prime Video,Noriaki Yuasa,"Eiji Funakoshi, Harumi Kiritachi, Junichiro Yamashita",,,1965,13+,79.0,Science Fiction,"The initial entry in the Gamera series was Daiei Studios' first successful attempt at making a massive scale kaiju movie. Hibernating under the Arctic, the turtle monster Gamera is awakened by an atomic bomb test. The behemoth creates chaos when it arrives in Japan and an ambitious plan must be hatched to try and stop the rampage.",
prime_s1459,Nursery Rhymes by KiiYii Vol 3 - Learning (Made By Little Baby Bum!),Movie,Prime Video,"Derek Holder, Cannis Holder",,,,2018,ALL,50.0,Kids,"A compilation with original KiiYii educational songs, like 5 Little Monkeys, Aeiou The Vowels, Finger Family and many more!",
prime_s2068,Jackie & Ryan,Movie,Prime Video,Ami Canaan Mann,"Katherine Heigl, Ben Barnes, Clea DuVall",,,2015,PG-13,91.0,Drama,A modern day train hopper fighting to be a successful musician and a single mom battling to maintain custody of her daughter defy their circumstances by coming together in a relationship that may change each others lives forever.,
hbomax_tm23759,Innerspace,Movie,HBO Max,Joe Dante,"Dennis Quaid, Martin Short, Meg Ryan, Kevin McCarthy",US,1987-01-01,1987,PG,120.0,comedy,"Test pilot Tuck Pendleton volunteers to test a special vessel for a miniaturization experiment. Accidentally injected into a neurotic hypochondriac, Jack Putter, Tuck must convince Jack to find his ex-girlfriend, Lydia Maxwell, to help him extract Tuck and his ship and re-enlarge them before his oxygen runs out.",6.8
prime_s2289,Griefwalker,Movie,Prime Video,Tim Wilson,,Canada,,2008,16+,70.0,Documentary,"An extraordinary portrait of Harvard-trained theologian Stephen Jenkinson, who teaches that death empowers us to live and that we must know grief well in order to appreciate our own lives. Many may find Jenkinson's belief that our deaths are not something to be denied or avoided but 'befriended' as challenging; he points out that not every culture fears death as we do.",
netflix_s20,Jaguar,TV Show,Netflix,,"Blanca Suárez, Iván Marcos, Óscar Casas, Adrián Lastra, Francesc Garrido, Stefan Weinert, Julia Möller, Alicia Chojnowski",,2021-09-22,2021,TV-MA,1.0,International TV Shows,"In the 1960s, a Holocaust survivor joins a group of self-trained spies who seek justice against Nazis fleeing to Spain to hide after WWII.",
prime_s5724,Devil's Island,Movie,Prime Video,"Sean King, Taylor King","Elle Alexander, Cliff Yates, Kristjan Sokoli, Pete Berwick",United States,,2021,13+,72.0,Horror,"A young woman inherits an island from her grandparents. When she moves in, she discovers the locals are less than welcoming and trying to hide a secret.",
disney_tm111322,The African Lion,Movie,Disney+,James Algar,Winston Hibler,US,1955-01-01,1955,G,75.0,family,"Part of Disney's True-Life Adventures series, this film focuses on the lives of lions in Africa.",7.2
disney_ts22233,Shake It Up,TV Show,Disney+,,"Bella Thorne, Zendaya, Davis Cleveland, Roshon Fegan",US,2010-01-01,2010,TV-G,3.0,comedy,"Best pals CeCe and Rocky dream of dancing stardom. And they seem on the verge of realizing that goal when they win places as backup dancers on the local TV show ""Shake It Up, Chicago."" While they get to show off their moves, they find out they need to keep putting their best feet forward to keep up with the rest of the crew on the show.",8.0
netflix_s7118,Jal,Movie,Netflix,Girish Malik,"Purab Kohli, Tannishtha Chatterjee, Kirti Kulhari, Yashpal Sharma, Mukul Dev, Saidah Jules, Ravi Gossain, Rahul Singh",India,2017-10-15,2013,TV-14,132.0,Dramas,A gifted young man from a drought-stricken village helps a group of ecologists find water for migrating flamingoes.,
hbomax_tm1048591,8-Bit Christmas,Movie,HBO Max,Michael Dowse,"Neil Patrick Harris, Winslow Fegley, Sophia Reid-Gantzert, Bellaluna Resnick",US,2021-01-01,2021,PG,97.0,fantasy,"In 1980s Chicago, a 10-year-old sets out on a quest to get the Christmas gift of his generation: the latest and greatest video-game system.",6.7
disney_ts171975,Birth of Europe,TV Show,Disney+,Matt Currington,Mark Halliley,NL,2012-01-01,2012,,1.0,documentation,"Between volcanic eruptions and asteroid impacts, examine the prehistoric origin, evolution and turbulent history of human civilisations in Europe. Understand how the history of Europe shaped the modern continent.",7.1
prime_s1104,Salvage: Code Red,TV Show,Prime Video,,,,,2009,13+,1.0,Adventure,"This action series documents the dangerous job of responding to the hundreds of shipwrecks reported each year in the wake of storms, head-on collisions, explosions and fire. Salvage workers are a special breed: brave, determined, have great technical skill and be committed to saving crew and cargo from meeting a premature and watery end. This series tells their dramatic and often perilous stories.",
netflix_s5533,Our Lovers,Movie,Netflix,Miguel Ángel Lamata,"Eduardo Noriega, Michelle Jenner, Fele Martínez, Amaia Salamanca",Spain,2017-04-14,2016,TV-MA,92.0,Comedies,"A love-challenged man and a woman he meets at a bookshop bar begin dating, but only at the shop – and without knowing anything about each other.",
prime_s9606,Bojangles,Movie,Prime Video,Joseph Sargent,"Gregory Hines, Peter Riegert, Kimberly Elise, Maria Ricossa, Savion Glover, Linette Doherty",,,2001,18+,101.0,Drama,"Biography of the legendary showman Bill Robinson, better known as Mr. Bojangles.",
netflix_s3379,Nailed It! Spain,TV Show,Netflix,,"La Terremoto de Alcorcón, Christian Escribà",Spain,2019-10-25,2019,TV-PG,1.0,International TV Shows,"On this competition show, novice bakers try to avoid a fiasco while duplicating stunning sweets. At stake are a trophy and 5,000 euros.",
netflix_s4568,Haani,Movie,Netflix,Amitoj Mann,"Sarabjit Cheema, Mahreen Kaleka, Harbhajan Mann, Anuj Sachdeva, Rupan Bal, Sonia Mann",India,2018-10-01,2013,TV-14,137.0,Dramas,"When a man discovers that he can communicate with his grandfather's spirit, it leads to two love stories intertwining 50 years apart.",
netflix_s1657,Hillbilly Elegy,Movie,Netflix,Ron Howard,"Amy Adams, Glenn Close, Gabriel Basso, Haley Bennett, Freida Pinto, Bo Hopkins, Owen Asztalos",United States,2020-11-24,2020,R,117.0,Dramas,"An urgent phone call pulls a Yale Law student back to his Ohio hometown, where he reflects on three generations of family history and his own future.",
prime_s4031,Dawn,Movie,Prime Video,Cynthia Cherry-Leon,"Erin Nordseth, Patrick Vann, Michael Sigler, Raian Stanley, Rowan Titus, Debra Ovall, Tony Claiborne, Janeva Sharps",,,2018,13+,115.0,Drama,"A reserved woman executive begins having vivid dreams about a young girl she barely knows being brutally murdered. Her husband is the last person to believe her, but the first person she suspects. A Faith Based Thriller/Drama that shows anyone can be used by God.",
netflix_s4632,Rafinha Bastos: Ultimatum,Movie,Netflix,,Rafinha Bastos,Brazil,2018-09-21,2018,TV-MA,63.0,Stand-Up Comedy,"An off-color joke nearly cost him everything. Brazilian comic Rafinha Bastos talks about that and much more, from his divorce to finding love again.",
prime_s8734,The Icebreaker,Movie,Prime Video,Nikolay Khomeriki,"Pyotr Fyodorov, Aleksandr Pal, Anna Mikhalkova, Aleksandr Yatsenko, Olga Filimonova, Vitaliy Khaev, Sergey Puskepalis",,,2017,PG-13,119.0,Action,"Antarctica, 1985. The icebreaker ""Gromov"" was trapped on the ice after trying to dodge a giant berg. For 133 days in cold and deafening silence, the crew attempts to find the way out. One false move - and they will be crushed in the ice.",
prime_s2345,Girl/Girl Scene,TV Show,Prime Video,,"Tucky Williams, Kayden Kross, Lauren Virginia Abert, Katie Stewart, Roni Jonah, Cyndy Allen, Joe Gatton",,,2017,18+,2.0,Comedy,"Girl/Girl Scene is the sexy, award-winning lesbian drama series that shocked the world with its provocative vision of life as a modern gay girl. Follow bad-girl Evan, escort Avery, Southern belle Maxine, stoner Bender and teenage runaway Ling as they navigate their passionate and intertwining love lives.",
hbomax_tm921992,Coastal Elites,Movie,HBO Max,Jay Roach,"Bette Midler, Kaitlyn Dever, Dan Levy, Sarah Paulson",US,2020-01-01,2020,R,87.0,comedy,"A socially distanced comedic satire that spotlights five characters breaking down and breaking through as they grapple with politics, culture, and the pandemic.",6.3
disney_tm11948,Toy Story 4,Movie,Disney+,Josh Cooley,"Tom Hanks, Tim Allen, Annie Potts, Tony Hale",US,2019-01-01,2019,G,90.0,comedy,"Woody has always been confident about his place in the world and that his priority is taking care of his kid, whether that's Andy or Bonnie. But when Bonnie adds a reluctant new toy called ""Forky"" to her room, a road trip adventure alongside old and new friends will show Woody how big the world can be for a toy.",7.7
prime_s5193,Arpo: The Robot for All Kids,TV Show,Prime Video,,,,,2018,ALL,3.0,Animation,"Arpo was designed as a commando robot, built as a fierce fighting machine. But, with world peace achieved Arpo has been re-equipped for caregiving, re-coded for cuddling, and officially reassigned as a nanny robot!",
prime_s5683,The Green Promise,Movie,Prime Video,William D. Russell,,,,2021,7+,94.0,Drama,"A heart-warming, thoughtful drama, produced by RKO Pictures, which portrays the struggles and hard work of farm life. The title refers to a scene where the local preacher (Milburn Stone) gives a sermon on a story from the Book of Exodus of God's ""green promise"" to lead Moses into a land of milk and honey.",
hbomax_tm97955,The Company Men,Movie,HBO Max,John Wells,"Ben Affleck, Tommy Lee Jones, Chris Cooper, Kevin Costner",US,2011-01-01,2011,R,104.0,drama,"Bobby Walker lives the proverbial American dream: great job, beautiful family, shiny Porsche in the garage. When corporate downsizing leaves him and two co-workers jobless, the three men are forced to re-define their lives as men, husbands and fathers.",6.7
prime_s368,Things We Lost In The Fire,Movie,Prime Video,Susanna Bier,"Halle Berry, Benicio Del Toro, David Duchovny",,,2007,R,118.0,Drama,"A recent widow invites her husband's troubled best friend to live with her and her two children. As he gradually turns his life around, he helps the family cope and confront their loss.",
prime_s8053,Barbed Wire,Movie,Prime Video,George Archainbaud,"Gene Autry, Champion, Anne James",,,1952,13+,62.0,Western,"In 1878, Gene Autry is a cattle buyer who tries to settle a battle between the cattlemen and homesteaders, when the latter are worked up into a feverish pitch by unscrupulous landowner Steve Rutledge.",
disney_tm425918,Disney's Broadway Hits at London's Royal Albert Hall,Movie,Disney+,Jay Hatcher,"John Barrowman, Ashley Brown, Merle Dandridge, Trevor Dion Nicholas",GB,2016-01-01,2016,,115.0,music,Experience the Disney on Broadway songs you know and love in a whole new way from the comfort of your home. Disney's Broadway Hits at Royal Albert Hall is now available on demand!,7.6
disney_tm444463,Riina: le verità nascoste,Movie,Disney+,Jovica Nonkovic,,IT,2018-01-01,2018,,45.0,documentation,,
hbomax_ts312306,Oh Hell,TV Show,HBO Max,"Simon Ostermann, Lisa Miller","Mala Emde, Edin Hasanović, Salka Weber, Knut Berger",DE,2022-01-01,2022,TV-MA,1.0,drama,"Follow Helene, who is in her mid-twenties and who is not nicknamed “Hell” for nothing. Her life is anything but relaxed, Helen jumps from one job to the next and privately she keeps stumbling into big and small blunders. Sometimes she wishes she were like her best friend Maike, who travels the world and has already had some success professionally. When she meets the cello teacher Oskar, something like consistency seems to develop for the first time. But can ""Hell"" lead a quiet and happy life - and does she even want it?",6.5
disney_tm448006,Mission to the Sun,Movie,Disney+,Daniel M. Smith,"Henry Goodman, Jeffrey Johnson, Justin Kasper, Nicky Fox",US,2019-01-01,2019,PG,44.0,documentation,"A look at NASA's Parker Solar Probe, which launched its mission to explore the sun in August 2018.",6.6
prime_s5065,The Rebel Princess,TV Show,Prime Video,,"Zhang Ziyi, Zhou Yiwei",,,2021,TV-14,1.0,Drama,"The play tells the story of the princess Wang Xuan (played by Zhang Ziyi) She became her father's chess piece and married Lord Yuzhang, Xiao Qi (played by Zhou Yiwei), from a humble background. The couple fell in love with each other because of a blessing in disguise. In the end, the couple joined hands to create a new era and guard their homeland's people.",
netflix_s7864,Revenge of the Green Dragons,Movie,Netflix,"Andrew Lau Wai-Keung, Andrew Loo","Ray Liotta, Justin Chon, Kevin Wu, Harry Shum Jr., Eugenia Yuan, Leonard Wu, Jin Auyeung, Jon Kit Lee, Shuya Chang, Geoff Pierson",Hong Kong,2018-07-21,2014,R,95.0,Action & Adventure,"In gritty 1980s New York, two Chinese immigrant boys rise through the ranks of the infamous Green Dragons gang, where they're trained to kill.",
netflix_s5235,Rodney Carrington: Here Comes the Truth,Movie,Netflix,Brandon Jones,Rodney Carrington,United States,2017-10-03,2017,TV-MA,66.0,Stand-Up Comedy,"Raunchy country comic and musician Rodney Carrington jokes and sings about life in his 40s, poking fun at sex, relationships and gaining weight.",
netflix_s995,This Lady Called Life,Movie,Netflix,Kayode Kasum,"Bisola Aiyeola, Efa Iwara, Molawa Onajobi, Tina Mba, Wale Ojo, Jemima Osunde, Lota Chukwu, Samuel Asa'ah, Michael Ejoor, Uche Elumelu",Nigeria,2021-04-23,2020,TV-14,120.0,Dramas,"Abandoned by her family, young single mother Aiye struggles to survive but stays focused on her dream of becoming an elite chef.",
disney_tm1064170,Shark Gangs,Movie,Disney+,"Jacob Cobi Benattia, Peter Berg, James Buchanan",,US,2021-01-01,2021,PG-13,44.0,documentation,Scientists have discovered and investigate the reason behind the behavior of sharks swimming around in gangs even though they are viewed as solitary predators.,6.7
netflix_s5263,Terrace House: Aloha State,TV Show,Netflix,,"You, Reina Triendl, Ryota Yamasato, Yoshimi Tokui, Azusa Babazono, Kentaro",United States,2017-09-26,2017,TV-14,4.0,International TV Shows,"The beautiful island of Oahu is host to a new batch of six strangers who share a single roof, multiple conflicts and no script in this reality series.",
netflix_s3946,Unicorn Store,Movie,Netflix,Brie Larson,"Brie Larson, Samuel L. Jackson, Joan Cusack, Bradley Whitford, Mamoudou Athie, Hamish Linklater, Martha MacIsaac, Karan Soni, Annaleigh Ashford",United States,2019-04-05,2019,TV-14,92.0,Comedies,"After failing out of art school and taking a humdrum office job, a whimsical painter gets a chance to fulfill her lifelong dream of adopting a unicorn.",
prime_s6459,Indigenous,Movie,Prime Video,Alastair Orr,"Zachary Soetenga, Lindsey McKeon, Sofia Pernas, Pierson Fode, Jamie Anderson",,,2016,R,86.0,Horror,American Tourists travel to Panama and have a very terrifying experience.,
netflix_s2826,Dirty Money,TV Show,Netflix,,,United States,2020-03-11,2020,TV-MA,2.0,Crime TV Shows,"From crippling payday loans to cars that cheat emissions tests, this investigative series exposes brazen acts of corporate greed and corruption.",
netflix_s3214,Lagos Real Fake Life,Movie,Netflix,Mike Ezuruonye,"Nonso Diobi, Mike Ezuruonye, Mercy Aigbe, Rex Nosa, Annie Macaulay Idibia, Ik Ogbonna, Nedu Wazobia, Uzee Usman, Odunlade Adekola, Mr Jollof, Efe Irele, Josh 2 Funny, Haillie Sumney, Emmanuella, MC Lively",,2019-11-29,2018,TV-MA,118.0,Comedies,"Two mooching friends vie for the attention of wealthy, beautiful women only to discover that their lavish lifestyles are bogus.",
netflix_s4872,My Fuhrer,Movie,Netflix,Dani Levy,"Helge Schneider, Ulrich Mühe, Sylvester Groth, Adriana Altaras, Stefan Kurt, Ulrich Noethen, Lambert Hamel, Udo Kroschwald, Torsten Michaelis, Axel Werner",Germany,2018-05-07,2007,TV-14,91.0,Comedies,Germany's most celebrated actor is commissioned by Nazi propagandist Joseph Goebbels to prepare the leader of the Third Reich to deliver a speech.,
prime_s266,Travels by Narrowboat,TV Show,Prime Video,,Kevin Shelley,,,2020,18+,6.0,Documentary,"Season 6 kicks off at Sawley, where Kevin & Aslan arrived at the end of Season 5. With the weather forecast promising an unseasonably fine winter for the following 2 weeks, Kevin must decide if he is to head north or south - ultimately choosing to 'hibernate' through the cold months, in an area he is familiar with and remembers as comforting, safe and homely.",
netflix_s7168,Kalki,Movie,Netflix,Dhilip Kumar,"Kishore Kumar G., Yasmin Ponnappa, Mithraboomi Saravanan",India,2018-03-01,2017,TV-14,41.0,Dramas,A scientist trying to solve one of the universe's greatest puzzles begins a romance with a much younger colleague that's haunted by a dark secret.,
netflix_s1047,Only Mine,Movie,Netflix,Michael Civille,"Amber Midthunder, Brett Zimmerman, Chris Browning, Walter Fauntleroy, Claudia Ferri, Lorenzo James Henrie, Ellen Wroe, Ashley Holliday Tavares, Nancy Linehan Charles, Jonna Walsh",United States,2021-04-15,2019,TV-14,88.0,Thrillers,"After dating a charming cop who turns into an obsessive stalker, a small-town girl must save herself from his deadly ways.",
hbomax_ts80171,Looney Tunes,TV Show,HBO Max,,Mel Blanc,,1929-01-01,1929,,17.0,comedy,"Looney Tunes is an American animated series of comedy short films produced by Warner Bros. from 1929 to 1969 during the golden age of American animation, alongside its sister series Merrie Melodies.",8.8
prime_s1531,Nani's Gang Leader,Movie,Prime Video,Vikram Kumar,"Nani, Priyanka Arul Mohan",,,2019,13+,155.0,Drama,Gang Leader follows the story of an all-women gang led by Nani who is a crime fiction writer with a pen name 'Pencil'.,
netflix_s3383,Daybreak,TV Show,Netflix,,"Colin Ford, Alyvia Alyn Lind, Sophie Simnett, Austin Crute, Cody Kearsley, Jeanté Godlock, Gregory Kasyan, Krysta Rodriguez, Matthew Broderick",United States,2019-10-24,2019,TV-MA,1.0,TV Action & Adventure,"Living his best life in post-apocalyptic LA, a slacker strives to find the girl of his dreams while outwitting mindless ghouls and cliquish gangs.",
prime_s5867,All the Little Animals,Movie,Prime Video,Jeremy Thomas,"Christian Bale, John Hurt, Daniel Benzali",,,1999,R,112.0,Action,Bobby (Christian Bale) runs away from home to escape his violent stepfather. He's taken in by a reclusive older man (John Hurt) until the two of them must confront Bobby's stepfather. Christian Bale is a standout in this dark moral fable.,
prime_s5574,Last Call For Titan!,Movie,Prime Video,Frederic Ramade,,,,2017,13+,52.0,Documentary,"Titan, Saturn's largest moon, is a planetary body capable of human habitation. Optis and Agat Films & cie together brought the magnitude of the Cassini-Huygens probe's journey to Titan to viewers. Using only the probe's data, Optis created a virtual world that mimics how a human would experience Titan. Discover what lies on its surface and find out if it may one day become a habitable zone.",
hbomax_tm85292,Nanook of the North,Movie,HBO Max,Robert Flaherty,"Allakariallak, Alice Nevalinga, Cunayou, Allegoo",US,1922-01-01,1922,,79.0,documentation,"This pioneering documentary film depicts the lives of the indigenous Inuit people of Canada's northern Quebec region. Although the production contains some fictional elements, it vividly shows how its resourceful subjects survive in such a harsh climate, revealing how they construct their igloo homes and find food by hunting and fishing. The film also captures the beautiful, if unforgiving, frozen landscape of the Great White North, far removed from conventional civilization.",7.6
prime_s8590,When I'm 64,Movie,Prime Video,Jon Jones,"Alun Armstrong, Paul Freeman, Tamsin Greig",,,2004,16+,88.0,Drama,"When widowed cabbie Ray and retired teacher Jim meet by chance, they discover they long for the same things from life: adventure, challenge and love. Together Ray and Jim discover that being 64 means a new beginning: it's time to try the things they never dared in their youth.",
netflix_s5071,Love and Hong Kong,TV Show,Netflix,,"Eiko Koike, Ryo Yoshizawa, Fumika Baba, Moga Mogami, Tomo Yanagishita, Kaoru Nagata, Ryo Iwamatsu",Japan,2018-01-20,2017,TV-PG,1.0,International TV Shows,The lives of five strangers become intertwined forever when a starlet filming a documentary is kidnapped on the streets of Hong Kong.,
appletv_ts81913,Little America,TV Show,Apple TV+,Dror Zahavi,"Elisa Schlott, Reomy D. Mpeho, Franziska Brandmeier, Anna Schudt",US,2020-01-01,2020,TV-14,2.0,drama,"An anthology series that goes beyond the headlines to look at the funny, romantic, heartfelt, inspiring and surprising stories of immigrants in America at a time when they are more relevant than ever.",7.6
prime_s4231,Stalked By My Doctor: The Return,Movie,Prime Video,Doug Campbell,"Eric Roberts, Claire Blackwelder, Hilary Greer",,,2016,13+,88.0,Drama,"After Dr. Albert Beck miraculously saves a teenage girl from drowning during Spring break in Mexico, he shows up at her school back home to check on her - and pursue his obsession.",
prime_s4895,The Game,Movie,Prime Video,Felipe Bretas,"Lipy Adler, Leo Paes Leme, Ronan Horta, Emicio Orciollo Neto, Charles Paraventi, Sofia Starling, Lazuli Barbosa, Diogo Sales, Junior Vieira, Luiz Antonio Pilar",,,2021,16+,80.0,Comedy,"12 confined actors in a house dispute a reality show that aims to find the next great artist. In order to stand out in this reality, actors will have to go deep inside the game and avoid controversial and unethical techniques used by producers to reach audience.",
hbomax_tm251796,Top Ten Monks,Movie,HBO Max,Dana Heinz Perry,,US,2010-01-01,2010,,29.0,documentation,"The Cistercian monks of Austria are holy men who rise at 4:30 a.m., pray for more than four hours a day and have devoted their lives to God. They're also pop stars. This documentary offers a glimpse at the daily life of the joyous monks of Stift Heiligenkreuz Abbey whose recordings of their ethereal Gregorian chants have turned them into chart-topping music sensations.",
netflix_s3071,Posesif,Movie,Netflix,Edwin,"Putri Marino, Adipati Dolken, Gritte Agatha, Chicco Kurniawan, Yayu Unru, Cut Mini Theo, Ismail Basbeth, Maulidina K. Putri",Indonesia,2020-01-01,2017,TV-MA,102.0,Dramas,A student diver risks her scholastic future and relationship with her father when she dates a moody transfer student consumed by their romance.,
disney_tm1212835,Trevor: The Musical,Movie,Disney+,Robin Mishkin Abrams,"Holden William Hagelberger, Diego Lucano, Yasmeen Sulieman, Aaron Alcaraz",US,2022-01-01,2022,,113.0,drama,"When an incident at school suddenly puts Trevor in the wrong spotlight, he struggles to navigate his own identity and determine how he fits in a challenging world.",5.8
prime_s7320,Clip: ACT 3 Series post 1C 2,TV Show,Prime Video,,1,,,2021,ALL,1.0,TV Shows,ACT 3 Series post 1C 2a,
netflix_s8469,The Pursuit,Movie,Netflix,John Papola,Arthur Brooks,United States,2019-08-07,2019,TV-14,76.0,Documentaries,"In a time of turbulence for the free market system, one economist explores how it has lifted billions out of poverty, and might just save us all.",
netflix_s966,Yasuke,TV Show,Netflix,,"LaKeith Stanfield, Takehiro Hira, Maya Tanida, Ian Chen, Gwendoline Yeo, Ming-Na Wen, Noshir Dalal, Paul Nakauchi, Darren Criss, Dia Frampton, William Christopher Stephens, Julie Marcus, Greg Chun, Dan Donohue, Johnny Yong Bosch, Michael Sinterniklaas, Amy Hill, Emily Woo Zeller, Keone Young",,2021-04-29,2021,TV-MA,1.0,Anime Series,A peaceful boatman once known as the Black Samurai is pulled back into conflict when he takes a little girl with mysterious powers under his wing.,
netflix_s4748,Kath and Kim,TV Show,Netflix,,"Jane Turner, Gina Riley, Glenn Robbins, Peter Rowsthorn, Magda Szubanski",Australia,2018-07-28,2007,TV-MA,6.0,TV Comedies,"As Kath prepares to wed fine-meats purveyor Kel, her daughter Kim moves back home after becoming disillusioned with her two-month marriage to Brett.",
hbomax_tm841254,The Last Duel,Movie,HBO Max,Ridley Scott,"Jodie Comer, Matt Damon, Adam Driver, Ben Affleck",GB,2021-01-01,2021,R,153.0,history,"King Charles VI declares that Knight Jean de Carrouges settle his dispute with his squire, Jacques Le Gris, by challenging him to a duel.",7.4
netflix_s3579,Diagnosis,TV Show,Netflix,,Lisa Sanders,United States,2019-08-16,2019,TV-14,1.0,Docuseries,Dr. Lisa Sanders crowdsources diagnoses for mysterious and rare medical conditions in a documentary series based on her New York Times Magazine column.,
prime_s4059,Khancha,Movie,Prime Video,Raja Sen,"Ferdous Ahmed, Rituparna Sengupta, Parno Mittra, Ritwick Chakraborty, Indrani Dutta, Arijit Dutta, Kheyali Dastidar, Dolon Roy",,,2013,13+,145.0,Drama,The film deals with the personal crisis of two different women from two different backgrounds who battle it out and they lend each other's shoulder to cry on. They also are able to come out of their 'cages' at the end.,
netflix_s8691,Wake Up,TV Show,Netflix,,"Jag Huang, Chris Wu, Tiffany Hsu, Michael Huang, Lego Li, Summer Meng",,2018-03-31,2017,TV-14,2.0,International TV Shows,"After taking the blame for a patient death, an anesthesiologist battling psychiatric trauma fights to stay afloat in the corrupt hospital system.",
netflix_s2699,Hi Score Girl,TV Show,Netflix,,"Kohei Amasaki, Sayumi Suzushiro, Yuuki Hirose, Kazuyuki Okitsu, Daiki Yamashita, Daria Midou, Satomi Arai, Shizuka Ito, Cho, Chinatsu Akasaki, Tomokazu Sugita, Yuichi Nakamura, Kana Ueda, Taketora, Hochu Otsuka, Hiroki Yasumoto",Japan,2020-04-09,2019,TV-14,2.0,Anime Series,"A chronic gamer abysmally inept in academics and sports finally meets his match at his usual shady arcade – and it’s his rich classmate, Akira.",
disney_ts254331,"Weirdest, Bestest, Truest",TV Show,Disney+,,"Kirby Engelman, Charlie Engelman",US,2018-01-01,2018,TV-G,1.0,,Siblings Kirby and Charlie share strange discoveries and fun facts from the world of Weird But True! And Charlie gives a behind-the-scenes look at what it takes to create these action-packed episodes.,
netflix_s4908,Candy Jar,Movie,Netflix,Ben Shelton,"Christina Hendricks, Helen Hunt, Uzo Aduba, Sami Gayle, Jacob Latimore",United States,2018-04-27,2018,TV-14,93.0,Children & Family Movies,Dueling high school debate champs who are at odds on just about everything forge ahead with ambitious plans to get into the colleges of their dreams.,
prime_s2393,Gallowwalkers,Movie,Prime Video,Andrew Goth,"Wesley Snipes, Riley Smith, Kevin Howarth",,,2013,R,93.0,Action,"A mysterious gunman, Aman (Snipes), is the son of a nun who breaks her covenant with God to ensure his survival. This act brings a curse upon Aman - all those that die by his gun will return. Soon, he is hunted by a gang of his undead former victims, led by the vicious Kansa. Aman enlists Fabulos, a new young warrior, to fight by his side.",
netflix_s2319,Trotro,TV Show,Netflix,,,France,2020-07-01,2004,TV-Y,1.0,Kids' TV,"Trotro the donkey may be opinionated, but he's as sweet as can be in this animated series that's full of lessons for children.",
netflix_s3853,Abyss,TV Show,Netflix,,"Park Bo-young, Ahn Hyo-seop, Lee Sung-jae, Lee Si-eon, Han So-hee, Kwon Soo-hyun, Kim Sa-rang, Ahn Se-ha, Yun Yoo-sun",South Korea,2019-05-07,2019,TV-14,1.0,Crime TV Shows,"After meeting an untimely demise in separate incidents, Cha Min and Go Se-yeon discover they’ve come back to life in new bodies they don’t recognize.",
hbomax_tm1138292,We Met in Virtual Reality,Movie,HBO Max,Joe Hunting,"Dust Bunny, DragonHeart, DylanP, IsYourBoi",US,2022-01-01,2022,R,91.0,animation,"Filmed entirely inside the world of virtual reality (VR), this immersive and revealing documentary roots itself in several unique communities within VR Chat, a burgeoning virtual reality platform. Through observational scenes captured in real-time, in true documentary style, the film reveals the growing power and intimacy of several relationships formed in the virtual world, many of which began during the COVID-19 lockdown, while so many in the physical world were facing intense isolation.",6.0
prime_s1594,Mountain Patrol,Movie,Prime Video,Chuan Lu,"Duobujie, Lei Zhang, Dao Qi, Xueying Zhao, Zhanlin Ma",,,2006,PG-13,89.0,Action,A moving true story about volunteers protecting antelope against poachers in the severe mountains of Tibet.,
prime_s5380,Canticos,TV Show,Prime Video,,,,2021-05-24,2020,ALL,3.0,Animation,Canticos puts a song in your heart and a smile on your face. Little ones will sing along while they learn in English and Spanish.,
prime_s3127,Beat,TV Show,Prime Video,,"Svenja Jung, Gudrun Ritter, Karoline Herfurth, Carlo Ljubek, Claudia Michelsen, Karl Markovics, Nina Gummich, Thekla Reuten, Anna Bederke, Christian Berkel, Alexander Fehling, Hanno Koffler, Ivan Shvedoff, Kostja Ullmann, Jannis Niewöhner",Germany,,2018,18+,1.0,Drama,"Nobody in Berlin's techno scene is better connected than club promoter Robert Schlag, aka Beat. In order to get to the masterminds of a criminal network, Beat is recruited by the European Secret Service. On the hunt for the masterminds behind the organized organ trafficking, the past catches up with Beat who quickly reaches his personal limits...",
prime_s9611,A Girl Like Grace,Movie,Prime Video,Ty Hodges,"Meagan Good, Raven-Symone, Garcelle Beauvais, Ryan Destiny, Paige Hurd",,,2016,18+,94.0,Drama,"Raised by a single mother, a bullied 17 year-old girl seeks guidance from her best friend and the girl's older sister.",
prime_s7151,Stealing Chaplin,Movie,Prime Video,Paul Tanter,"Charles Chaplin, Al Sapienza, Wayne Newton, Peter Woodward, Simon Phillips, Anne-Carolyne Binette, Cheryl Prater",,,2021,18+,106.0,Action,"Inspired by real events, the story centers around two Las Vegas-based con men who dig up and steal the corpse of comedian Charlie Chaplin in order to ransom it. With the theft gaining the world's attention and the reward rising daily, soon every local lowlife, criminal and dirty cop wants a piece of the action.",
netflix_s3018,Jezebel,Movie,Netflix,Numa Perrier,"Tiffany Tenille, Numa Perrier, Stephen Barrington, Bobby Field, Rockwelle Dortch, Zoe Tyson, Dennis Jaffee, Jessa Zarubica, RiRia, Charlie Taylor, Amy Aitken, Brett Gelman",United States,2020-01-16,2019,TV-MA,86.0,Dramas,"During the internet's infancy, a vulnerable woman follows her sister into the sex industry as a webcam model but her sudden popularity tests their bond.",
prime_s2649,Dirty Pictures,Movie,Prime Video,Etienne Sauret,William Fantegrossi,,,2010,16+,91.0,Documentary,"'Dirty Pictures' delves into the lifework of Dr. Shulgin and scientists alike, explores the world of these scientists; their findings and motivations, their ideas, and their beliefs as to how research in this particular field can aid in unlocking the complexities of the mind.",
prime_s2860,Chisholm '72: Unbought & Unbossed,Movie,Prime Video,Shola Lynch,"Shirley Chisholm, Ronald V. Dellums, Barbara Lee",,,2004,13+,76.0,Documentary,"Historical documentary on Brooklyn Congresswoman Shirley Chisholm and her campaign for the Democratic Party presidential nomination in 1972. Reflecting Chisholm's wit, spirit, and charisma, the film chronicles her adventures on the Chisholm Trail.",
prime_s5124,Cut The Rope: Om Nom Stories - Getting Healthy,Movie,Prime Video,"Arthur Merkulov, Nikita Yurov, Vladimir Gerasimov","Cut the Rope, Om Nom",,,2021,ALL,51.0,Animation,"Is Om Nom fit or not? And by monster standards? Watch this video to decide yourself, and feel free to use any monster tips for staying healthy to become stronger!",
netflix_s8621,Tree Man,Movie,Netflix,"Jon Reiner, Brad Rothschild",,Canada,2016-11-01,2015,TV-PG,82.0,Documentaries,"Entrepreneurs from Vermont and Quebec sell Christmas trees on the streets of New York, becoming a cherished part of neighborhood holiday traditions.",
prime_s2146,I Shouldn't Be Alive,TV Show,Prime Video,,Eric Meyers,,,2010,13+,3.0,Documentary,"Re-enactments of real-life tales of human survival against the savage elements, dangerous climates and physical hazards.",
prime_s4272,The Evening Star,Movie,Prime Video,Robert Harling,"Juliette Lewis, Shirley MacLaine, Jack Nicholson, Bill Paxton",,,1996,PG-13,129.0,Comedy,"Still missing her daughter 13 years after her death in ""Terms of Endearment,"" Aurora Greenway (Shirley MacLaine) struggles to keep her family together. She has one grandson in jail, a rebellious granddaughter, and another grandson living just above the poverty line.",
prime_s5334,Go Buster - Buster Grows Vegetables at Home & More Cartoons,Movie,Prime Video,"Nick Hatton Jones, Richard Hickey",,,,2020,ALL,28.0,Animation,"Go Buster is an animated online educational kids series watched all over the globe. Brought to you by the creators of Little Baby Bum, Go Buster encourages learning, creativity and fun! Learn colors, shapes and numbers with of our well-loved characters! Sing along and watch some classic nursery rhymes, songs and original videos!",
prime_s1072,Secret Diary of a Call Girl,TV Show,Prime Video,,"Billie Piper, Iddo Goldberg, Cherie Lunghi, Lily James, Ashley Madekwe, Joanna Bobin, James D'Arcy, David Dawson",,,2011,18+,3.0,Drama,"The real-life anonymous blog and book of a high-class London call girl known to the world only as ""Belle de Jour"" becomes this original series starring Billie Piper as Hannah, an ambitious young woman leading an exciting but dangerous double life as an expensive escort named ""Belle"" that not even her best friend suspects. Cherie Lunghi and Iddo Goldberg costar in this hit British series.",
disney_ts218364,Kingdom of the White Wolf,TV Show,Disney+,Tony Gerber,Ronan Donovan,US,2019-01-01,2019,TV-PG,1.0,documentation,"Ronan Donovan, a National Geographic researcher, travels to the Arctic to study wolves.",8.0
prime_s2276,Gulabo Sitabo (4K UHD),Movie,Prime Video,Shoojit Sircar,"Amitabh Bachchan, Ayushmann Khurrana, Farrukh Jafar, Vijay Raaz, Brijendra Kala, Srishti Shrivastava",India,,2020,16+,125.0,International,"Set in present day Lucknow (India), Gulabo Sitabo is a social satire about two impossibly peculiar human beings - Mirza Chunnan Nawab, who stays in a dilapidated mansion and one of the tenants, Baankey Rastogi. The mansion may have seen many dramas unfold over a century of its existence, but still has a final act left as the drama of battle of ownership unfolds, with a priceless lesson to teach.",
prime_s4962,Waiting for the Sea,Movie,Prime Video,Bakhtier Khudoynazarov,"Egor Beroev, Detlev Buck, Anastasiya Mikulchina, Pavel Priluchnyy, Dinnmukhamed Akhimov, Sayora Safari, Arman Asenov",,,2013,16+,105.0,Drama,"Marat is a fishing-boat captain, who gets in a prison. 10 years later he gets free and comes home, but there is nor the sea and no the village at the spot, but only a steppe.",
prime_s2019,Jingle Burgers - A Parry Gripp Christmas Album,TV Show,Prime Video,,Parry Gripp,,,2020,ALL,1.0,Comedy,Sing-a-long with these super fun Christmas songs from Parry Gripp!,
netflix_s2318,Total Recall,Movie,Netflix,Paul Verhoeven,"Arnold Schwarzenegger, Rachel Ticotin, Sharon Stone, Michael Ironside, Ronny Cox, Marshall Bell, Michael Champion, Mel Johnson Jr., Roy Brocksmith, Rosemary Dunsmore",United States,2020-07-01,1990,R,114.0,Action & Adventure,"After getting a memory implant, working stiff Douglas Quaid discovers he might actually be a secret agent embroiled in a violent insurrection on Mars.",
disney_tm1151565,Explorer: The Last Tepui,Movie,Disney+,"Renan Ozturk, Taylor Rees","Alex Honnold, Mark Synnott, Bruce Means, Michael Strahan",US,2022-01-01,2022,,60.0,documentation,Follows elite climber Alex Honnold and a world-class climbing team led by National Geographic Explorer and climber Mark Synnott on a grueling mission deep in the Amazon jungle as they attempt a first-ascent climb up a 1000 foot sheer cliff.,6.9
netflix_s3571,Game Over (Telugu Version),Movie,Netflix,Ashwin Saravanan,"Taapsee Pannu, Vinodhini, Parvathi T, Ramya Subramanian, Sanchana Natarajan, Anish Kuruvilla, David Solomon Raja",,2019-08-21,2019,TV-MA,98.0,Horror Movies,"As a series of murders hit close to home, a video game designer with PTSD must confront her demons, or risk becoming their victim.",
netflix_s6969,Highly Strung,Movie,Netflix,Scott Hicks,,Australia,2017-02-01,2015,TV-14,80.0,Documentaries,"Fiery passions take center stage in this intimate look at the Australian String Quartet and, perhaps more vital, the priceless instruments they guard.",
hbomax_tm87455,Garfield,Movie,HBO Max,Peter Hewitt,"Bill Murray, Breckin Meyer, Jennifer Love Hewitt, Stephen Tobolowsky",US,2004-01-01,2004,PG,80.0,comedy,"Garfield, the fat, lazy, lasagna lover, has everything a cat could want. But when Jon, in an effort to impress the Liz - the vet and an old high-school crush - adopts a dog named Odie and brings him home, Garfield gets the one thing he doesn't want. Competition.",5.0
netflix_s7938,Sardaarji 2,Movie,Netflix,Rohit Jugraj,"Jaswinder Bhalla, Sonam Bajwa, Diljit Dosanjh, Monica Gill",Australia,2017-10-15,2016,TV-PG,145.0,Action & Adventure,A simple farmer's life becomes complicated after he resolves to save his village from an economic crisis by traveling to Australia to earn money.,
netflix_s7208,King Jack,Movie,Netflix,Felix Thompson,"Charlie Plummer, Cory Nichols, Christian Madsen, Danny Flaherty, Erin Davie, Chloe Levine",United States,2016-07-01,2015,NR,81.0,Dramas,"Already coping with a bully, a mercurial older brother and summer school, 15-year-old Jack is saddled with his young cousin for an eventful weekend.",
netflix_s7360,Lucky Days,TV Show,Netflix,,"Chris Wang, Tammy Chen, Fan Kuang-yao, Chen Bor Jeng, Lin Mei-hsiu, Ma Nien-hsien",China,2016-09-01,2010,TV-PG,1.0,International TV Shows,"When laidback Ren, who is about to divorce his money-crazy wife, finds a time-traveling computer, he decides to use it to reboot his marriage.",
netflix_s593,She's Out of My League,Movie,Netflix,Jim Field Smith,"Jay Baruchel, Alice Eve, T.J. Miller, Mike Vogel, Nate Torrence, Krysten Ritter, Geoff Stults, Lindsay Sloane, Andrew Daly, Jasika Nicole, Kyle Bornheimer",United States,2021-07-01,2010,R,106.0,Comedies,"Kirk's a 5. His new girlfriend Molly's a 10. No one knows what she sees in him, including Kirk. Will his raging insecurities ruin this budding romance?",
prime_s5699,Southland Bounty Hunters,TV Show,Prime Video,,"Patrick Thomas, Zak Holman, Matthew Alvarez, Terry Rasha, Tom Tremblay, Trevor O'Connor",,,2021,16+,1.0,Action,"Patty Mayo is back bigger than ever with a fully armored truck, grenade launchers, new team members and more destruction than ever before!",
netflix_s1609,3 Days to Kill,Movie,Netflix,McG,"Kevin Costner, Amber Heard, Hailee Steinfeld, Connie Nielsen, Tómas Lemarquis, Richard Sammel, Marc Andréoni, Bruno Ricci, Jonas Bloquet, Eriq Ebouaney",United States,2020-12-01,2014,PG-13,117.0,Action & Adventure,A terminally ill secret agent accepts a risky mission in exchange for an experimental drug that might save him – if he can survive its side effects.,
prime_s4576,Long Lost Son,Movie,Prime Video,Brian Trenchard-Smith,"Gabrielle Anwar, Craig Sheffer, Chace Crawford, Philip Granger, Richard Blade, Dennis Garber, Ian Robison, Joshua Friesen, Michael McConnohie, Holly Fulger, Gwen Van Dam, Shirley Brown, Julius Noflin, Terrance Rodgers",,,2006,13+,89.0,Drama,"A woman discovers the son she thought had drowned is alive and well, living with the man who kidnapped him.",
netflix_s8074,Sprinter,Movie,Netflix,Storm Saulter,"Dale Elliott, Kadeem Wilson, Dennis Titus, David Alan Grier, Shantol Jackson, Lorraine Toussaint, Bryshere Gray, Quera South, Aiden Moodie",Jamaica,2020-04-15,2018,TV-MA,112.0,Dramas,"When a Jamaican teen hopes to use track to reunite him with his mother in America, family dysfunction at home threatens to knock his plans off course.",
prime_s3086,Beyond the Sky,Movie,Prime Video,Fulvio Sestito,"Ryan Carnes, Peter Stormare, Dee Wallace, Martin Sensmeier, Jordan Hinson, Don Stark",United States,,2018,18+,82.0,Science Fiction,"Chris Norton has been hearing about alien abductions his entire life but, in his gut, he knows they are not real. Setting out to disprove the alien abduction phenomenon once and for all, he attends a UFO convention to meet alleged abductees and reveal the truth behind their experiences.",
hbomax_tm143826,Ghostbusters II,Movie,HBO Max,Ivan Reitman,"Bill Murray, Dan Aykroyd, Sigourney Weaver, Harold Ramis",US,1989-01-01,1989,PG,108.0,fantasy,"Five years after they defeated Gozer, the Ghostbusters are out of business. When Dana begins to have ghost problems again, the boys come out of retirement to aid her and hopefully save New York City from a new paranormal threat.",6.6
prime_s714,The Confessor,Movie,Prime Video,Lewin Webb,"Christian Slater, Molly Parker, Stephen Rea, Daniel Kash, Gordon Pinsent, Nancy Beatty",,,2005,PG-13,91.0,Drama,"A worldly and urbane priest is forced to challenge his comfortable existence as an ecclesiastical spin-doctor when he comes to believe in the innocence of a young priest accused of murder. His only ally, a journalist, is also his former sweetheart...",
hbomax_tm210049,How to Talk to Girls at Parties,Movie,HBO Max,John Cameron Mitchell,"Elle Fanning, Alex Sharp, Nicole Kidman, Matt Lucas",US,2017-01-01,2017,R,103.0,scifi,"In 1970s London, a teenage outsider named Enn falls in love with a rebellious alien girl named Zan, who has come to Earth for a party. Together, they navigate the complexities of intergalactic culture and the trials of first love.",5.7
netflix_s8319,The Gentleman Driver,Movie,Netflix,Mario Mattei,,United States,2019-01-31,2018,TV-MA,83.0,Documentaries,"This documentary follows four tycoons who moonlight as motorsport competitors and examines what fuels them to succeed, both at work and on the track.",
hbomax_tm181098,Moms Mabley,Movie,HBO Max,Whoopi Goldberg,"Whoopi Goldberg, Moms Mabley, Harry Belafonte, Joan Rivers",US,2013-01-01,2013,,72.0,documentation,"A feature documentary about Jackie ""Moms"" Mabley, an African-American stand-up comic and show-biz pioneer who emerged from the Chitlin' Circuit of African-American Vaudeville to become a mainstream star. Once billed as ""The Funniest Woman in the World,"" Mabley pushed the boundaries of comedy by tackling topics such as gender, sex, and racism and performed up until her death in 1975. A true passion project for first-time director Whoopi Goldberg, the documentary shows Mabley's historical significance and profound influence as a performer vastly ahead of her time.",7.9
netflix_s6579,Deadly Scholars,Movie,Netflix,Danny J. Boyle,"Kennedy Lea Slocum, Corey Fogelmanis, Alexa Mansour, Peyton Clark, Sheryl Lee, Sherri Saum, Eric Stanton Betts, Paris Berelc, Pedro Correa, Alissa Latow",United States,2019-02-15,2018,TV-14,86.0,Dramas,"After a series of strange deaths, a high school reporter tries to pin down the killer who's targeting students eligible for a prestigious scholarship.",
netflix_s3961,The Burial of Kojo,Movie,Netflix,"Sam ""Blitz"" Bazawule","Cynthia Dankwa, Ama K. Abebrese, Joseph Otsiman, Kobina Amissah Sam, Mamley Djangmah, Henry Adofo, Anima Misa, Brian Angels",Ghana,2019-03-31,2018,TV-14,81.0,Dramas,"When a man is left to die inside an illegal gold mine, his daughter travels through a magical landscape to save him.",
netflix_s7536,My Entire High School Sinking Into the Sea,Movie,Netflix,Dash Shaw,"Jason Schwartzman, Lena Dunham, Reggie Watts, Maya Rudolph, Susan Sarandon, Thomas Jay Ryan, Alex Karpovsky, Louisa Krause, John Cameron Mitchell, Matthew Maher",United States,2018-01-23,2016,PG-13,77.0,Comedies,"After an earthquake sends their school building drifting into the sea, a group of high-schoolers struggles to survive and overcome clique wars.",
netflix_s8682,Vitti Dandu,Movie,Netflix,Ganesh Kadam,"Dilip Prabhavalkar, Ashok Samarth, Yatin Karyekar, Nishant Bhavsar, Mrunal Thakur, Vikas Kadam, Utpal Sawant, Ravindra Mankani, Shubhankar Atre, Charudatta Bhagwat",India,2017-07-15,2014,TV-14,116.0,Dramas,"In a remote village in colonial India, an old man and his grandson display strong differences in their attitudes toward the country's British rulers.",
hbomax_tm1230711,Batman and Superman: Battle of the Super Sons,Movie,HBO Max,Matt Peters,"Jack Dylan Grazer, Jack Griffo, Laura Bailey, Troy Baker",US,2022-01-01,2022,PG-13,79.0,scifi,"After discovering he has powers, 11-year-old Jonathan Kent and assassin-turned-Boy-Wonder Damian Wayne must join forces to rescue their fathers (Superman & Batman) and save the planet from the malevolent alien force known as Starro.",6.7
prime_s4605,Accidental Christmas,Movie,Prime Video,Fred Olen Ray,"Cynthia Gibb, David Millbern",,,2007,,87.0,Comedy,A couple separated for almost a year endure the machinations of their two children trying to effect a reconciliation.,
disney_tm120502,Ice Age: Collision Course,Movie,Disney+,Mike Thurmeier,"Ray Romano, John Leguizamo, Denis Leary, Queen Latifah",US,2016-01-01,2016,PG,94.0,animation,"Scrat’s epic pursuit of the elusive acorn catapults him into the universe where he accidentally sets off a series of cosmic events that transform and threaten the Ice Age World. To save themselves, Sid, Manny, Diego, and the rest of the herd must leave their home and embark on a quest full of comedy and adventure, traveling to exotic new lands and encountering a host of colorful new characters.",5.6
prime_s1189,Reg'lar Fellers,Movie,Prime Video,Arthur Dreifuss,"Carl ""Alfalfa"" Switzer, Billy Lee, Janet Dempsey, Sarah Padden, Jerry Wilson, Don Stowell, Lew Luana",,,1941,13+,70.0,Comedy,"A group of local kids calling themselves the ""Reg'lar Fellers"", led by Switzer and Lee, invent a machine that they believe can run on land as well as in the water. The gang gets mixed up with gangsters who have framed local woman Hetty Carter's son and have come to town to rob her. Hetty happens to be a wealthy dowager who hates all kids due to her son's situation. With her son in jail on the false charge, Hetty takes out all her anger on her daugther-in-law Caroline and her young grandson. The ""Reg'lar Fellers"" foil the plans of con artists Ferrell and Lubec to swindle Hetty out of her fortune. In gratitude, Hetty builds a new clubhouse for the Reg'lar Fellers, throws them a huge party, and gives a home to Caroline and her grandson.",
hbomax_tm953166,Between the World and Me,Movie,HBO Max,Kamilah Forbes,"Ta-Nehisi Coates, Angela Bassett, Alicia Garza, Jharrel Jerome",US,2020-01-01,2020,,85.0,documentation,"Based on Ta-Nehisi Coates’ #1 New York Times bestseller and originally adapted and staged by the Apollo Theater, this special combines elements of that production - including powerful readings from Coates’ book - with documentary footage from the actors’ home life, archival footage, and animation.",7.4
hbomax_tm322471,Blow Up of 'Blow-Up',Movie,HBO Max,Valentina Agostinis,David Hemmings,IT,2016-01-01,2016,,52.0,documentation,Documentary about Michelangelo Antonioni's 1966 film.,5.8
netflix_s6061,A Thin Line Between Love & Hate,Movie,Netflix,Martin Lawrence,"Martin Lawrence, Lynn Whitfield, Regina King, Bobby Brown, Della Reese, Daryl Mitchell, Roger Mosley, Malinda Williams, Roger E. Mosley, Simbi Khali, Tangie Ambrose, Wendy Raquel Robinson, Stacii Jae Johnson, Faizon Love, Miguel A. Núñez Jr., Tracy Morgan",United States,2020-12-01,1996,R,108.0,Comedies,"When a philandering club promoter sets out to woo a rich, glamorous woman, he has no clue just how much mayhem he's about to unleash on his life.",
netflix_s5382,Degrassi: Next Class,TV Show,Netflix,Stefan Brogren,"Amanda Arcuri, Amir Bageria, Soma Bhatia, Jamie Bloch, Stefan Brogren, Chelsea Clark, Reiya Downs, Ana Golja, Nikki Gould, Ricardo Hoyos, Ehren Kassam, Andre Kim, Lyle Lettau, Spencer MacPherson, Eric Osborne, Dante Scott, Olivia Scriven, Sara Waisglass, Richard Walters",Canada,2017-07-07,2017,TV-14,4.0,International TV Shows,"Degrassi's next generation of high-tech newbies and returning students navigates real-world high school drama. If you're a teen, this is your life.",
hbomax_ts35726,Teen Titans Go!,TV Show,HBO Max,,"Greg Cipes, Scott Menville, Khary Payton, Tara Strong",US,2013-01-01,2013,TV-PG,8.0,scifi,"Robin, Starfire, Raven, Beast Boy and Cyborg return in all-new, comedic adventures. They may be super heroes who save the world every day ... but somebody still has to do the laundry!",5.4
